Eje_n,Eje,Objetivo Estratégico,Objetivo PND,Sujeto PND ,Problemática PND,Acción PND,ODS,Meta,Meta ODS,Sujeto ODS,Problemática ODS,Acción ODS,Vinculación
1,Reducción de Pobreza y Desarrollo Social,Desarrollo Social equitativo,1.1.1 Garantizar a toda la población el derecho universal a la identidad.  ,Personas,Derecho a la Identidad,Garantizar,16,16.9,"16.9 De aquí a 2030, proporcionar acceso a una identidad jurídica para todos, en particular mediante el registro de nacimientos",Personas,Identidad,Proporcionar,Parcial
1,Reducción de Pobreza y Desarrollo Social,Desarrollo Social equitativo,1.1.10 Reducir la mortalidad neonatal y de niños menores de 5 años.,Recién nacidos y niños menores de 5 años,Mortalidad neonatal y de niños menores de 5 años,Reducir,3,3.2 ,"3.2  Para 2030, poner fin a las muertes evitables de recién nacidos y de niños menores de 5 años, logrando que todos los países intenten reducir la mortalidad neonatal al menos hasta 12 por cada 1.000 nacidos vivos, y la mortalidad de niños menores de 5 años al menos hasta 25 por cada 1.000 nacidos vivos",Recién nacidos y niños menores de 5 años,Muertes evitables de recién nacidos y niños menores de 5 años,Reducir,Total
1,Reducción de Pobreza y Desarrollo Social,Desarrollo Social equitativo,1.1.11 Aumentar el acceso a servicios de atención y desarrollo en la primera infancia con un enfoque integral,Personas,Servicios de atención y desarrollo en la primera infancia,Aumentar,4,4.2,"4.2 De aquí a 2030, asegurar que todas las niñas y todos los niños tengan acceso a servicios de atención y desarrollo en la primera infancia y educación preescolar de calidad, a fin de que estén preparados para la enseñanza primaria",Niños/as,Servicios de atención y desarrollo en la primera infancia y educación preescolar de calidad,Asegurar,Total
1,Reducción de Pobreza y Desarrollo Social,Desarrollo Social equitativo,1.1.12 Garantizar el acceso de sus derechos a niños/as y adolescentes.,Niños/as y adolescentes,Acceso a derechos niños/as adolescentes,Garantizar,1,1.4,"1.4 Para 2030, garantizar que todos los hombres y mujeres, en particular los pobres y los vulnerables, tengan los mismos derechos a los recursos económicos, así como acceso a los servicios básicos, la propiedad y el control de las tierras y otros bienes, la herencia, los recursos naturales, las nuevas tecnologías apropiadas y los servicios financieros, incluida la micro financiación",Personas,"Derecho a recursos económicos, servicios básicos, la propiedad y el control de la tierra y otros bienes",Garantizar,Parcial
1,Reducción de Pobreza y Desarrollo Social,Desarrollo Social equitativo,1.1.12 Garantizar el acceso de sus derechos a niños/as y adolescentes.,Niños/as y adolescentes,Acceso a derechos niños/as adolescentes,Garantizar,16,16.2,"16.2 Poner fin al maltrato, la explotación, la trata y todas las formas de violencia y tortura contra los niños",Niños/as,"Maltrato, explotación, la trata y todas las formas de violencia y tortura","Erradicar, Poner Fin",Parcial
1,Reducción de Pobreza y Desarrollo Social,Desarrollo Social equitativo,1.1.12 Garantizar el acceso de sus derechos a niños/as y adolescentes.,Niños/as y adolescentes,Acceso a derechos niños/as adolescentes,Garantizar,16,16.3,16.3 Promover el estado de derecho en los planos nacional e internacional y garantizar la igualdad de acceso a la justicia para todos,Personas,"Estado de derecho, igualdad de acceso a la justicia",Promover,Parcial
1,Reducción de Pobreza y Desarrollo Social,Desarrollo Social equitativo,1.1.12 Garantizar el acceso de sus derechos a niños/as y adolescentes.,Niños/as y adolescentes,Acceso a derechos niños/as adolescentes,Garantizar,8,8.7,"8.7 Adoptar medidas inmediatas y eficaces para erradicar el trabajo forzoso, poner fin a las formas contemporáneas de esclavitud y la trata de personas y asegurar la prohibición y eliminación de las peores formas de trabajo infantil, incluidos el reclutamiento y la utilización de niños soldados, y, de aquí a 2025, poner fin al trabajo infantil en todas sus formas",Personas,"trabajo forzoso, formas contemporáneas de esclavitud y trata de personas, trabajo infantil, niños soldados","Erradicar, Poner Fin",Parcial
1,Reducción de Pobreza y Desarrollo Social,Desarrollo Social equitativo,"1.1.13 Avanzar hacia la igualdad real y efectiva, eliminando la discriminación hacia las mujeres.",Mujeres,"Igualdad real y efectiva, Discriminación",Avanzar,10,10.2,"10.2 De aquí a 2030, potenciar y promover la inclusión social, económica y política de todas las personas, independientemente de su edad, sexo, discapacidad, raza, etnia, origen, religión o situación económica u otra condición",Personas,Inclusión social económica y política,Potenciar y promover,Parcial
1,Reducción de Pobreza y Desarrollo Social,Desarrollo Social equitativo,"1.1.13 Avanzar hacia la igualdad real y efectiva, eliminando la discriminación hacia las mujeres.",Mujeres,"Igualdad real y efectiva, Discriminación",Avanzar,10,10.3,"10.3 Garantizar la igualdad de oportunidades y reducir la desigualdad de resultados, incluso eliminando las leyes, políticas y prácticas discriminatorias y promoviendo legislaciones, políticas y medidas adecuadas a ese respecto",Personas,"Igualdad de oportunidades, desigualdad de resultados, practicas discriminatorias ",Garantizar,Parcial
1,Reducción de Pobreza y Desarrollo Social,Desarrollo Social equitativo,"1.1.13 Avanzar hacia la igualdad real y efectiva, eliminando la discriminación hacia las mujeres.",Mujeres,"Igualdad real y efectiva, Discriminación",Avanzar,4,4.3,"4.3 De aquí a 2030, asegurar el acceso igualitario de todos los hombres y las mujeres a una formación técnica, profesional y superior de calidad, incluida la enseñanza universitaria",Personas,Acceso igualitario a una formación técnica,Asegurar,Parcial
1,Reducción de Pobreza y Desarrollo Social,Desarrollo Social equitativo,"1.1.13 Avanzar hacia la igualdad real y efectiva, eliminando la discriminación hacia las mujeres.",Mujeres,"Igualdad real y efectiva, Discriminación",Avanzar,5,5.1,5.1  Poner fin a todas las formas de discriminación contra todas las mujeres y las niñas en todo el mundo,Mujeres,Discriminación,Poner Fin,Parcial
1,Reducción de Pobreza y Desarrollo Social,Desarrollo Social equitativo,"1.1.13 Avanzar hacia la igualdad real y efectiva, eliminando la discriminación hacia las mujeres.",Mujeres,"Igualdad real y efectiva, Discriminación",Avanzar,5,5.5,"5.5 Asegurar la participación plena y efectiva de las mujeres y la igualdad de oportunidades de liderazgo a todos los niveles decisorios en la vida política, económica y pública",Mujeres,Participación plena y efectiva y la igualdad de oportunidades de liderazgo en todos los niveles decisorios,Asegurar,Parcial
1,Reducción de Pobreza y Desarrollo Social,Desarrollo Social equitativo,"1.1.13 Avanzar hacia la igualdad real y efectiva, eliminando la discriminación hacia las mujeres.",Mujeres,"Igualdad real y efectiva, Discriminación",Avanzar,5,5.6,"5.6 Asegurar el acceso universal a la salud sexual y reproductiva y los derechos reproductivos según lo acordado de conformidad con el Programa de Acción de la Conferencia Internacional sobre la Población y el Desarrollo, la Plataforma de Acción de Beijing y los documentos finales de sus conferencias de examen",Personas,Acceso universal a la salud sexual y reproductiva,Asegurar,Parcial
1,Reducción de Pobreza y Desarrollo Social,Desarrollo Social equitativo,"1.1.13 Avanzar hacia la igualdad real y efectiva, eliminando la discriminación hacia las mujeres.",Mujeres,"Igualdad real y efectiva, Discriminación",Avanzar,5,5.a,"5.a Emprender reformas que otorguen a las mujeres igualdad de derechos a los recursos económicos, así como acceso a la propiedad y al control de la tierra y otros tipos de bienes, los servicios financieros, la herencia y los recursos naturales, de conformidad con las leyes nacionales",Mujeres,"Igualdad de Derechos a recursos económicos, acceso a propiedad y al control de la tierra y otros tipos de bienes",Emprender Reformas,Parcial
1,Reducción de Pobreza y Desarrollo Social,Desarrollo Social equitativo,"1.1.13 Avanzar hacia la igualdad real y efectiva, eliminando la discriminación hacia las mujeres.",Mujeres,"Igualdad real y efectiva, discriminación",Avanzar,5,5.c,5.c Aprobar y fortalecer políticas acertadas y leyes aplicables para promover la igualdad de género y el empoderamiento de todas las mujeres y las niñas a todos los niveles,Mujeres,Igualdad de genero y empoderamiento,Aprobar y fortalecer políticas,Parcial
1,Reducción de Pobreza y Desarrollo Social,Desarrollo Social equitativo,"1.1.14 Proteger y promover el Patrimonio, los Bienes y Procesos Culturales.","Patrimonio, bienes y procesos Culturales",Desprotección y promoción,Proteger y promover,11,11.4,11.4 Redoblar los esfuerzos para proteger y salvaguardar el patrimonio cultural y natural del mundo,Patrimonio Cultural,Desprotección y salvaguarda,Proteger y Salvaguardar,Total
1,Reducción de Pobreza y Desarrollo Social,Desarrollo Social equitativo,1.1.2. Reducir la pobreza en todas sus formas.,Personas,Pobreza,Reducir ,1,1.1,"1.1 Para 2030, erradicar la pobreza extrema para todas las personas en el mundo, actualmente medida por un ingreso por persona inferior a 1,25 dólares de los Estados Unidos al día",Personas,Pobreza extrema,Erradicar,Parcial
1,Reducción de Pobreza y Desarrollo Social,Desarrollo Social equitativo,1.1.2. Reducir la pobreza en todas sus formas.,Personas,Pobreza,Reducir pobreza,1,1.2,"1.2 Para 2030, reducir al menos a la mitad la proporción de hombres, mujeres y niños de todas las edades que viven en la pobreza en todas sus dimensiones con arreglo a las definiciones nacionales",Personas,Pobreza ,Reducir pobreza,Total
1,Reducción de Pobreza y Desarrollo Social,Desarrollo Social equitativo,1.1.3. Disminuir las condiciones de desigualdad de los diferentes estratos poblacionales.,Personas,Desigualdad,Disminuir,10,10.3,"10.3 Garantizar la igualdad de oportunidades y reducir la desigualdad de resultados, incluso eliminando las leyes, políticas y prácticas discriminatorias y promoviendo legislaciones, políticas y medidas adecuadas a ese respecto",Personas,"Igualdad de oportunidades, desigualdad de resultados, practicas discriminatorias ",Garantizar,Parcial
1,Reducción de Pobreza y Desarrollo Social,Desarrollo Social equitativo,1.1.4 Aumentar la cobertura y la retención del sistema educativo.,Personas,Retención en el sistema educativo,Aumentar la cobertura y retención,4,4.3,"4.3 De aquí a 2030, asegurar el acceso igualitario de todos los hombres y las mujeres a una formación técnica, profesional y superior de calidad, incluida la enseñanza universitaria",Personas,Acceso igualitario a una formación técnica,Asegurar,Parcial
1,Reducción de Pobreza y Desarrollo Social,Desarrollo Social equitativo,1.1.4. Aumentar la cobertura y la retención del sistema educativo.,Personas,Retención en el sistema educativo,Aumentar la cobertura y la retención,4,4.1,"4.1 De aquí a 2030, asegurar que todas las niñas y todos los niños terminen la enseñanza primaria y secundaria, que ha de ser gratuita, equitativa y de calidad y producir resultados de aprendizaje pertinentes y efectivos",Niños/as,Culminar la enseñanza primario y secundaria,"Culminar enseñanza, gratuita, equitativa y de calidad",Parcial
1,Reducción de Pobreza y Desarrollo Social,Desarrollo Social equitativo,1.1.4. Aumentar la cobertura y la retención del sistema educativo.,Personas,Retención en el sistema educativo,Aumentar la cobertura y retención,4,4.2,"4.2 De aquí a 2030, asegurar que todas las niñas y todos los niños tengan acceso a servicios de atención y desarrollo en la primera infancia y educación preescolar de calidad, a fin de que estén preparados para la enseñanza primaria",Niños/as,Servicios de atención y desarrollo en la primera infancia y educación preescolar de calidad,Asegurar,Parcial
1,Reducción de Pobreza y Desarrollo Social,Desarrollo Social equitativo,1.1.4. Aumentar la cobertura y la retención del sistema educativo.,Personas,Retención en el sistema educativo,Aumentar la cobertura y retención,4,4.6,"4.6 De aquí a 2030, asegurar que todos los jóvenes y una proporción considerable de los adultos, tanto hombres como mujeres, estén alfabetizados y tengan nociones elementales de aritmética",Personas,Alfabetización y nociones elementales de aritmética,Asegurar ,Parcial
1,Reducción de Pobreza y Desarrollo Social,Desarrollo Social equitativo,1.1.5 Aumentar la retención en el sistema de educación escolar básica en la población indígena.,Población indígena,Retención en el sistema educativo,Aumentar,10,10.2,"10.2 De aquí a 2030, potenciar y promover la inclusión social, económica y política de todas las personas, independientemente de su edad, sexo, discapacidad, raza, etnia, origen, religión o situación económica u otra condición",Personas,Inclusión social económica y política,Potenciar y Promover,Parcial
1,Reducción de Pobreza y Desarrollo Social,Desarrollo Social equitativo,1.1.5 Aumentar la retención en el sistema de educación escolar básica en la población indígena.,Población indígena,Retención en el sistema educativo,Aumentar,4,4.1,"4.1 De aquí a 2030, asegurar que todas las niñas y todos los niños terminen la enseñanza primaria y secundaria, que ha de ser gratuita, equitativa y de calidad y producir resultados de aprendizaje pertinentes y efectivos",Niños/as,Culminar la enseñanza primario y secundaria,"Culminar enseñanza, gratuita, equitativa y de calidad",Parcial
1,Reducción de Pobreza y Desarrollo Social,Desarrollo Social equitativo,1.1.5 Aumentar la retención en el sistema de educación escolar básica en la población indígena.,Población indígena,Retención en el sistema educativo,Aumentar,4,4.5,"4.5 De aquí a 2030, eliminar las disparidades de género en la educación y asegurar el acceso igualitario a todos los niveles de la enseñanza y la formación profesional para las personas vulnerables, incluidas las personas con discapacidad, los pueblos indígenas y los niños en situaciones de vulnerabilidad",Personas,Disparidades de genero en la educación y acceso igualitario a todos los niveles de enseñanza,Eliminar,Parcial
1,Reducción de Pobreza y Desarrollo Social,Desarrollo Social equitativo,1.1.6 Disminuir el analfabetismo en la población indígena.,Población indígena,Analfabetismo,Disminuir,4,4.6,"4.6 De aquí a 2030, asegurar que todos los jóvenes y una proporción considerable de los adultos, tanto hombres como mujeres, estén alfabetizados y tengan nociones elementales de aritmética",Personas,Alfabetización y nociones elementales de aritmética,Asegurar ,Parcial
1,Reducción de Pobreza y Desarrollo Social,Desarrollo Social equitativo,1.1.7 Reducir la desnutrición crónica infantil.,Niños/as ,Desnutrición,Reducir,2,2.1,"2.1 Para 2030, poner fin al hambre y asegurar el acceso de todas las personas, en particular los pobres y las personas en situaciones vulnerables, incluidos los lactantes, a una alimentación sana, nutritiva y suficiente durante todo el año",Personas,Hambre,Poner fin,Parcial
1,Reducción de Pobreza y Desarrollo Social,Desarrollo Social equitativo,1.1.7 Reducir la desnutrición crónica infantil.,Niños/as ,Desnutrición,Reducir,2,2.2,"2.2 Para 2030, poner fin a todas las formas de malnutrición, incluso logrando, a más tardar en 2025, las metas convenidas internacionalmente sobre el retraso del crecimiento y la emaciación de los niños menores de 5 años, y abordar las necesidades de nutrición de las adolescentes, las mujeres embarazadas y lactantes y las personas de edad",Personas,"Malnutrición, retraso del crecimiento ",Poner Fin,Parcial
1,Reducción de Pobreza y Desarrollo Social,Desarrollo Social equitativo,"1.1.8 Reducir el SIDA, la tuberculosis, las enfermedades tropicales desatendidas y la hepatitis. ",Personas,"SIDA, tuberculosis, enfermedades tropicales desatendidas y  hepatitis. ",Reducir,3,3.3,"3.3 Para 2030, poner fin a las epidemias del SIDA, la tuberculosis, la malaria y las enfermedades tropicales desatendidas y combatir la hepatitis, las enfermedades transmitidas por el agua y otras enfermedades transmisibles",Personas,"SIDA, tuberculosis, malaria y enfermedades tropicales desatendidas y combatir  hepatitis",Poner Fin,Parcial
1,Reducción de Pobreza y Desarrollo Social,Desarrollo Social equitativo,"1.1.9 Reducir la mortalidad materna con énfasis en grupos vulnerables (población indígena, adolescentes).",Personas,Mortalidad Materna,Reducir,3,3.1,"3.1 Para 2030, reducir la tasa mundial de mortalidad materna a menos de 70 por cada 100.000 nacidos vivos",Personas,Mortalidad Materna,Reducir,Total
1,Reducción de Pobreza y Desarrollo Social,Servicios Sociales de Calidad,1.2.1 Alcanzar gradualmente los estándares internacionales de calidad educativa en todos los niveles.,Personas,Calidad Educativa,Alcanzar Gradualmente,4,4.1,"4.1 De aquí a 2030, asegurar que todas las niñas y todos los niños terminen la enseñanza primaria y secundaria, que ha de ser gratuita, equitativa y de calidad y producir resultados de aprendizaje pertinentes y efectivos",Niños/as,Culminar la enseñanza primario y secundaria,"Culminar enseñanza, gratuita, equitativa y de calidad",Parcial
1,Reducción de Pobreza y Desarrollo Social,Servicios Sociales de Calidad,1.2.1 Alcanzar gradualmente los estándares internacionales de calidad educativa en todos los niveles.,Personas,Calidad Educativa,Alcanzar Gradualmente,4,4.3,"4.3 De aquí a 2030, asegurar el acceso igualitario de todos los hombres y las mujeres a una formación técnica, profesional y superior de calidad, incluida la enseñanza universitaria",Personas,Acceso igualitario a una formación técnica,Asegurar,Parcial
1,Reducción de Pobreza y Desarrollo Social,Servicios Sociales de Calidad,"1.2.2 Lograr la cobertura total del servicio de salud, con calidad",Personas,"Cobertura total del servicio de salud, con calidad",Lograr,3,3.8,"3.8 Lograr la cobertura sanitaria universal, en particular la protección contra los riesgos financieros, el acceso a servicios de salud esenciales de calidad y el acceso a medicamentos y vacunas seguros, eficaces, asequibles y de calidad para todos",Personas,"Cobertura sanitaria universal, asequible y de calidad ",Lograr,Total
1,Reducción de Pobreza y Desarrollo Social,Servicios Sociales de Calidad,"1.2.2 Lograr la cobertura total del servicio de salud, con calidad",Personas,"Cobertura total del servicio de salud, con calidad",Lograr,3,3.c,"3.c Aumentar sustancialmente la financiación de la salud y la contratación, el desarrollo, la capacitación y la retención del personal sanitario en los países en desarrollo, especialmente en los países menos adelantados y los pequeños Estados insulares en desarrollo",Sistema de Salud,"Financiación de la salud y la contratación, el desarrollo, la capacitación y la retención del personal sanitario en los países en desarrollo",Aumentar sustancialmente,Parcial
1,Reducción de Pobreza y Desarrollo Social,Servicios Sociales de Calidad,"1.2.4 Disminuir las muertes prematuras por enfermedades no transmisibles, promover el bienestar y la salud mental.",Personas,"Muertes prematuras por enfermedades no transmisibles, bienestar y salud mental",Disminuir,3,3.4,"3.4 Para 2030, reducir en un tercio la mortalidad prematura por enfermedades no transmisibles mediante la prevención y el tratamiento y promover la salud mental y el bienestar",Personas,Muertes prematuras por enfermedades no transmisibles y salud mental,Reducir,Total
1,Reducción de Pobreza y Desarrollo Social,Servicios Sociales de Calidad,1.2.5 Reducir el número de muertes y lesiones causadas por accidentes de tránsito.,Personas,Muertes y lesiones causadas por accidentes de tránsito.,Reducir,3,3.6 ,"3.6  Para 2020, reducir a la mitad el número de muertes y lesiones causadas por accidentes de tráfico en el mundo",Personas,Muertes y lesiones causadas por accidentes de tráfico ,Reducir a la mitad,Total
1,Reducción de Pobreza y Desarrollo Social,Desarrollo Local Participativo,1.3.1 Mejorar las condiciones de los asentamientos precarios urbanos y rurales.,Asentamientos precarios,Malas condiciones,Mejorar,11,11.1,"11.1 De aquí a 2030, asegurar el acceso de todas las personas a viviendas y servicios básicos adecuados, seguros y asequibles y mejorar los barrios marginales",Personas,"Vivienda, servicios básicos y barrios marginales",Asegurar el acceso,Parcial
1,Reducción de Pobreza y Desarrollo Social,Desarrollo Local Participativo,1.3.1 Mejorar las condiciones de los asentamientos precarios urbanos y rurales.,Asentamientos precarios,Malas condiciones,Mejorar,11,11.3,"11.3 De aquí a 2030, aumentar la urbanización inclusiva y sostenible y la capacidad para la planificación y la gestión participativas, integradas y sostenibles de los asentamientos humanos en todos los países",Asentamientos humanos,Urbanización inclusiva y sostenible ,Aumentar,Parcial
1,Reducción de Pobreza y Desarrollo Social,Desarrollo Local Participativo,1.3.2 Avanzar en el Ordenamiento Territorial a nivel municipal.,Ordenamiento Territorial,Falta de ordenamiento territorial municipal,Avanzar,11,11.3,"11.3 De aquí a 2030, aumentar la urbanización inclusiva y sostenible y la capacidad para la planificación y la gestión participativas, integradas y sostenibles de los asentamientos humanos en todos los países",Asentamientos humanos,Urbanización inclusiva y sostenible ,Aumentar,Parcial
1,Reducción de Pobreza y Desarrollo Social,Desarrollo Local Participativo,1.3.2 Avanzar en el Ordenamiento Territorial a nivel municipal.,Ordenamiento Territorial,Falta de ordenamiento territorial municipal,Avanzar,11,11.a,"11.a Apoyar los vínculos económicos, sociales y ambientales positivos entre las zonas urbanas, periurbanas y rurales fortaleciendo la planificación del desarrollo nacional y regional","Zonas urbanas, periurbanas y rurales","Vínculos económicos, sociales y ambientales positivos entre zonas urbanas, periurbanas y rurales",Apoyar los vínculos,Parcial
1,Reducción de Pobreza y Desarrollo Social,Desarrollo Local Participativo,1.3.3 Mejorar la participación de la población en la planificación de la gestión de las políticas publicas,Personas,Planificación y gestión de las políticas publicas,Mejorar,11,11.3,"11.3 De aquí a 2030, aumentar la urbanización inclusiva y sostenible y la capacidad para la planificación y la gestión participativas, integradas y sostenibles de los asentamientos humanos en todos los países",Asentamientos humanos,Urbanización inclusiva y sostenible y la capacidad para la planificación y la gestión participativa,Aumentar,Parcial
1,Reducción de Pobreza y Desarrollo Social,Desarrollo Local Participativo,1.3.3 Mejorar la participación de la población en la planificación de la gestión de las políticas publicas,Personas,Participación de la población en la planificación y gestión de las políticas publicas,Mejorar,11,11.a,"11.a Apoyar los vínculos económicos, sociales y ambientales positivos entre las zonas urbanas, periurbanas y rurales fortaleciendo la planificación del desarrollo nacional y regional","Zonas urbanas, periurbanas y rurales","Vínculos económicos, sociales y ambientales positivos entre zonas urbanas, periurbanas y rurales",Apoyar los vínculos,Parcial
1,Reducción de Pobreza y Desarrollo Social,Desarrollo Local Participativo,1.3.3 Mejorar la participación de la población en la planificación de la gestión de las políticas publicas,Personas,Participación de la población en la planificación y gestión de las políticas publicas,Mejorar,11,11.b,"11.b De aquí a 2020, aumentar considerablemente el número de ciudades y asentamientos humanos que adoptan e implementan políticas y planes integrados para promover la inclusión, el uso eficiente de los recursos, la mitigación del cambio climático y la adaptación a él y la resiliencia ante los desastres, y desarrollar y poner en práctica, en consonancia con el Marco de Sendai para la Reducción del Riesgo de Desastres 2015-2030, la gestión integral de los riesgos de desastre a todos los niveles",Ciudades y asentamientos humanos,"Implementen políticas y planes integrados para promover la inclusión, el uso eficiente de los recursos, la mitigación del cambio climático y la adaptación a el y la resiliencia ante los desastres ","Aumentar el numero, desarrollar y poner en practica, en consonancia con el marco de Sendai para reducción de riesgos de Desastres 2015-2030",Parcial
1,Reducción de Pobreza y Desarrollo Social,Desarrollo Local Participativo,1.3.3 Mejorar la participación de la población en la planificación de la gestión de las políticas publicas,Personas,Planificación y gestión de las políticas publicas,Mejorar,16,16.7,"16.7 Garantizar la adopción en todos los niveles de decisiones inclusivas, participativas y representativas que respondan a las necesidades",Personas,"Decisiones inclusivas, participativas y representativas",Garantizar la adopción,Total
1,Reducción de Pobreza y Desarrollo Social,Desarrollo Local Participativo,1.3.3 Mejorar la participación de la población en la planificación de la gestión de las políticas publicas,Personas,Planificación y gestión de las políticas publicas,Mejorar,6,6.b,6.b Apoyar y fortalecer la participación de las comunidades locales en la mejora de la gestión del agua y el saneamiento,Personas,Gestión del agua y el saneamiento,Apoyar y Fortalecer,Parcial
1,Reducción de Pobreza y Desarrollo Social,Hábitat adecuado y sostenible,1.4.1 Mejorar la gestión integral de residuos.,Residuos,Gestión Integral,Mejorar,11,11.6,"11.6 De aquí a 2030, reducir el impacto ambiental negativo per cápita de las ciudades, incluso prestando especial atención a la calidad del aire y la gestión de los desechos municipales y de otro tipo",Ciudades,Impacto ambiental negativo,Reducir,Parcial
1,Reducción de Pobreza y Desarrollo Social,Hábitat adecuado y sostenible,1.4.1 Mejorar la gestión integral de residuos.,Residuos,Gestión Integral,Mejorar,12,12.4,"12.4 De aquí a 2020, lograr la gestión ecológicamente racional de los productos químicos y de todos los desechos a lo largo de su ciclo de vida, de conformidad con los marcos internacionales convenidos, y reducir significativamente su liberación a la atmósfera, el agua y el suelo a fin de minimizar sus efectos adversos en la salud humana y el medio ambiente",Productos químicos,Gestión ecológicamente racional,Gestión ecológica,Parcial
1,Reducción de Pobreza y Desarrollo Social,Hábitat adecuado y sostenible,1.4.1 Mejorar la gestión integral de residuos.,Residuos,Gestión Integral,Mejorar,12,12.5,"12.5 De aquí a 2030, reducir considerablemente la generación de desechos mediante actividades de prevención, reducción, reciclado y reutilización",Desechos,Generación ,Reducir,Parcial
1,Reducción de Pobreza y Desarrollo Social,Hábitat adecuado y sostenible,1.4.1 Mejorar la gestión integral de residuos.,Residuos,Gestión Integral,Mejorar,6,6.3,"6.3 De aquí a 2030, mejorar la calidad del agua reduciendo la contaminación, eliminando el vertimiento y minimizando la emisión de productos químicos y materiales peligrosos, reduciendo a la mitad el porcentaje de aguas residuales sin tratar y aumentando considerablemente el reciclado y la reutilización sin riesgos a nivel mundial",Sistema de saneamiento y  alcantarillado,Contaminación del agua,Mejorar la calidad,Parcial
1,Reducción de Pobreza y Desarrollo Social,Hábitat adecuado y sostenible,1.4.2 Reducir las muertes atribuibles a la contaminación del aire,Personas,Muertes atribuibles a la contaminación del aire,Reducir,11,11.6,"11.6 De aquí a 2030, reducir el impacto ambiental negativo per cápita de las ciudades, incluso prestando especial atención a la calidad del aire y la gestión de los desechos municipales y de otro tipo",Ciudades,Impacto ambiental negativo,Reducir,Parcial
1,Reducción de Pobreza y Desarrollo Social,Hábitat adecuado y sostenible,1.4.2 Reducir las muertes atribuibles a la contaminación del aire,Personas,Muertes atribuibles a la contaminación del aire,Reducir,3,3.9,"3.9 Para 2030, reducir sustancialmente el número de muertes y enfermedades producidas por productos químicos peligrosos y la contaminación del aire, el agua y el suelo",Personas,Muertes atribuibles a la contaminación del aire,Reducir,Total
1,Reducción de Pobreza y Desarrollo Social,Hábitat adecuado y sostenible,1.4.3 Universalizar el acceso a la energía eléctrica y mejorar la calidad en el servicio.,Energía Eléctrica,Acceso y calidad en el servicio,Universalizar y mejorar,1,1.4,"1.4 Para 2030, garantizar que todos los hombres y mujeres, en particular los pobres y los vulnerables, tengan los mismos derechos a los recursos económicos, así como acceso a los servicios básicos, la propiedad y el control de las tierras y otros bienes, la herencia, los recursos naturales, las nuevas tecnologías apropiadas y los servicios financieros, incluida la micro financiación",Personas,"Derecho a recursos económicos, servicios básicos, la propiedad y el control de la tierra y otros bienes",Garantizar,Parcial
1,Reducción de Pobreza y Desarrollo Social,Hábitat adecuado y sostenible,1.4.3 Universalizar el acceso a la energía eléctrica y mejorar la calidad en el servicio.,Energía Eléctrica,Acceso y calidad en el servicio,Universalizar y mejorar,11,11.1,"11.1 De aquí a 2030, asegurar el acceso de todas las personas a viviendas y servicios básicos adecuados, seguros y asequibles y mejorar los barrios marginales",Personas,"Vivienda, servicios básicos y barrios marginales",Asegurar el acceso,Parcial
1,Reducción de Pobreza y Desarrollo Social,Hábitat adecuado y sostenible,1.4.3 Universalizar el acceso a la energía eléctrica y mejorar la calidad en el servicio.,Energía Eléctrica,Acceso y calidad en el servicio,Universalizar y mejorar,7,7.1,"7.1 De aquí a 2030, garantizar el acceso universal a servicios energéticos asequibles, fiables y modernos",Servicios energéticos,Acceso,Garantizar,Total
1,Reducción de Pobreza y Desarrollo Social,Hábitat adecuado y sostenible,1.4.3 Universalizar el acceso a la energía eléctrica y mejorar la calidad en el servicio.,Energía Eléctrica,Acceso y calidad en el servicio,Universalizar y mejorar,7,7.b,"7.b De aquí a 2030, ampliar la infraestructura y mejorar la tecnología para prestar servicios energéticos modernos y sostenibles para todos en los países en desarrollo, en particular los países menos adelantados, los pequeños Estados insulares en desarrollo y los países en desarrollo sin litoral, en consonancia con sus respectivos programas de apoyo",Matriz energética,Infraestructura y tecnología,Ampliar y mejorar,Parcial
1,Reducción de Pobreza y Desarrollo Social,Hábitat adecuado y sostenible,"1.4.4 Reducir el déficit habitacional, cuantitativo y cualitativo.",Vivienda,"Déficit habitacional, cuantitativa y cualitativo",Reducir,11,11.1,"11.1 De aquí a 2030, asegurar el acceso de todas las personas a viviendas y servicios básicos adecuados, seguros y asequibles y mejorar los barrios marginales",Personas,"Vivienda, servicios básicos y barrios marginales",Asegurar el acceso,Parcial
1,Reducción de Pobreza y Desarrollo Social,Hábitat adecuado y sostenible,1.4.5 Universalizar el acceso a agua potable.,Agua Potable,Acceso,Universalizar,1,1.4,"1.4 Para 2030, garantizar que todos los hombres y mujeres, en particular los pobres y los vulnerables, tengan los mismos derechos a los recursos económicos, así como acceso a los servicios básicos, la propiedad y el control de las tierras y otros bienes, la herencia, los recursos naturales, las nuevas tecnologías apropiadas y los servicios financieros, incluida la micro financiación",Personas,"Derecho a recursos económicos, servicios básicos, la propiedad y el control de la tierra y otros bienes",Garantizar,Parcial
1,Reducción de Pobreza y Desarrollo Social,Hábitat adecuado y sostenible,1.4.5 Universalizar el acceso a agua potable.,Agua Potable,Acceso,Universalizar,11,11.1,"11.1 De aquí a 2030, asegurar el acceso de todas las personas a viviendas y servicios básicos adecuados, seguros y asequibles y mejorar los barrios marginales",Personas,"Vivienda, servicios básicos y barrios marginales",Asegurar el acceso,Parcial
1,Reducción de Pobreza y Desarrollo Social,Hábitat adecuado y sostenible,1.4.5 Universalizar el acceso a agua potable.,Agua Potable,Acceso,Universalizar,6,6.1,"6.1 De aquí a 2030, lograr el acceso universal y equitativo al agua potable a un precio asequible para todos",Agua potable,Acceso,Lograr ,Total
1,Reducción de Pobreza y Desarrollo Social,Hábitat adecuado y sostenible,1.4.5 Universalizar el acceso a agua potable.,Agua Potable,Acceso,Universalizar,6,6.4,"6.4 De aquí a 2030, aumentar considerablemente el uso eficiente de los recursos hídricos en todos los sectores y asegurar la sostenibilidad de la extracción y el abastecimiento de agua dulce para hacer frente a la escasez de agua y reducir considerablemente el número de personas que sufren falta de agua",Recursos Hídricos,"Uso eficiente, sostenibilidad de la extracción y el abastecimiento de agua dulce ",Aumentar ,Parcial
1,Reducción de Pobreza y Desarrollo Social,Hábitat adecuado y sostenible,1.4.6 Universalizar el acceso a saneamiento mejorado de la población con énfasis en sistemas de alcantarillado sanitario.,Saneamiento mejorado y alcantarillado sanitario,Acceso,Universalizar,1,1.4,"1.4 Para 2030, garantizar que todos los hombres y mujeres, en particular los pobres y los vulnerables, tengan los mismos derechos a los recursos económicos, así como acceso a los servicios básicos, la propiedad y el control de las tierras y otros bienes, la herencia, los recursos naturales, las nuevas tecnologías apropiadas y los servicios financieros, incluida la micro financiación",Personas,"Derecho a recursos económicos, servicios básicos, la propiedad y el control de la tierra y otros bienes",Garantizar,Parcial
1,Reducción de Pobreza y Desarrollo Social,Hábitat adecuado y sostenible,1.4.6 Universalizar el acceso a saneamiento mejorado de la población con énfasis en sistemas de alcantarillado sanitario.,Saneamiento mejorado y alcantarillado sanitario,Acceso,Universalizar,11,11.1,"11.1 De aquí a 2030, asegurar el acceso de todas las personas a viviendas y servicios básicos adecuados, seguros y asequibles y mejorar los barrios marginales",Personas,"Vivienda, servicios básicos y barrios marginales",Asegurar el acceso,Parcial
1,Reducción de Pobreza y Desarrollo Social,Hábitat adecuado y sostenible,1.4.6 Universalizar el acceso a saneamiento mejorado de la población con énfasis en sistemas de alcantarillado sanitario.,Saneamiento mejorado y alcantarillado sanitario,Acceso,Universalizar,6,6.2,"6.2 De aquí a 2030, lograr el acceso a servicios de saneamiento e higiene adecuados y equitativos para todos y poner fin a la defecación al aire libre, prestando especial atención a las necesidades de las mujeres y las niñas y las personas en situaciones de vulnerabilidad",Saneamiento mejorado,Acceso,Lograr,Parcial
2,Crecimiento Económico Inclusivo,Empleo y Protección Social,2.1.1 Lograr progresivamente y mantener la tasa de crecimiento del ingreso del 40% de la población con menores ingresos por encima de la tasa promedio del ingreso nacional.,Personas de los dos quintiles mas pobres,Tasa de crecimiento del ingreso,Lograr progresivamente y mantener,10,10.1,"10.1 De aquí a 2030, lograr progresivamente y mantener el crecimiento de los ingresos del 40% más pobre de la población a una tasa superior a la media nacional",Personas de los dos quintiles mas pobres,Ingresos,Ingresos por encima del promedio del ingreso nacional,Total
2,Crecimiento Económico Inclusivo,Empleo y Protección Social,2.1.1 Lograr progresivamente y mantener la tasa de crecimiento del ingreso del 40% de la población con menores ingresos por encima de la tasa promedio del ingreso nacional.,Personas de los dos quintiles mas pobres,Tasa de crecimiento del ingreso,Lograr progresivamente y mantener,2,2.3,"2.3 Para 2030, duplicar la productividad agrícola y los ingresos de los productores de alimentos en pequeña escala, en particular las mujeres, los pueblos indígenas, los agricultores familiares, los pastores y los pescadores, entre otras cosas mediante un acceso seguro y equitativo a las tierras, a otros recursos de producción e insumos, conocimientos, servicios financieros, mercados y oportunidades para la generación de valor añadido y empleos no agrícolas",Productores de alimentos en pequeña escala,"Productividad Agrícola, ingreso de los productores, acceso seguro y equitativo a la tierra y otros recursos",Duplicar,Parcial
2,Crecimiento Económico Inclusivo,Empleo y Protección Social,2.1.1 Lograr progresivamente y mantener la tasa de crecimiento del ingreso del 40% de la población con menores ingresos por encima de la tasa promedio del ingreso nacional.,Personas de los dos quintiles mas pobres,Tasa de crecimiento del ingreso,Ingresos por encima del promedio del ingreso nacional,8,8.1,"8.1 Mantener el crecimiento económico per cápita de conformidad con las circunstancias nacionales y, en particular, un crecimiento del producto interno bruto de al menos el 7% anual en los países menos adelantados",Crecimiento económico per cápita,Tasa de crecimiento económico ,Mantener,Parcial
2,Crecimiento Económico Inclusivo,Empleo y Protección Social,"2.1.2 Incrementar la participación de la población en los programas de formación y capacitación técnica profesional de calidad, con énfasis en la población joven y vulnerable.",Personas,Formación y capacitación técnica de calidad,Incrementar,4,4.3,"4.3 De aquí a 2030, asegurar el acceso igualitario de todos los hombres y las mujeres a una formación técnica, profesional y superior de calidad, incluida la enseñanza universitaria",Personas,Acceso igualitario a una formación técnica,Asegurar,Parcial
2,Crecimiento Económico Inclusivo,Empleo y Protección Social,"2.1.2 Incrementar la participación de la población en los programas de formación y capacitación técnica profesional de calidad, con énfasis en la población joven y vulnerable.",Personas,Formación y capacitación técnica de calidad,Incrementar,4,4.4,"4.4 De aquí a 2030, aumentar considerablemente el número de jóvenes y adultos que tienen las competencias necesarias, en particular técnicas y profesionales, para acceder al empleo, el trabajo decente y el emprendimiento",Personas,"Competencias necesarias, en particular técnicas y profesionales para acceder a empleos y trabajos decentes",Aumentar,Parcial
2,Crecimiento Económico Inclusivo,Empleo y Protección Social,"2.1.2 Incrementar la participación de la población en los programas de formación y capacitación técnica profesional de calidad, con énfasis en la población joven y vulnerable.",Personas,Formación y capacitación técnica de calidad,Incrementar,8,8.6,"8.6 De aquí a 2020, reducir considerablemente la proporción de jóvenes que no están empleados y no cursan estudios ni reciben capacitación",Jóvenes ,Proporción de jóvenes que no están empleados y no cursan estudios ni reciben capacitación,Reducir,Total
2,Crecimiento Económico Inclusivo,Empleo y Protección Social,2.1.3 Universalizar la cobertura de seguridad social.,Personas,Cobertura de la seguridad social,Universalizar,1,1.3,"1.3 Poner en práctica a nivel nacional sistemas y medidas apropiadas de protección social para todos y, para 2030, lograr una amplia cobertura de los pobres y los más vulnerables.",Personas,Protección social,Universalizar,Total
2,Crecimiento Económico Inclusivo,Empleo y Protección Social,2.1.3 Universalizar la cobertura de seguridad social.,Personas,Cobertura de la seguridad social,Universalizar,10,10.4,"10.4 Adoptar políticas, especialmente fiscales, salariales y de protección social, y lograr progresivamente una mayor igualdad",Personas,Protección social,Adoptar Políticas,Parcial
2,Crecimiento Económico Inclusivo,Empleo y Protección Social,2.1.4 Alcanzar la inclusión financiera de todos los adultos.,Personas,Inclusión Financiera,Alcanzar,1,1.4,"1.4 Para 2030, garantizar que todos los hombres y mujeres, en particular los pobres y los vulnerables, tengan los mismos derechos a los recursos económicos, así como acceso a los servicios básicos, la propiedad y el control de las tierras y otros bienes, la herencia, los recursos naturales, las nuevas tecnologías apropiadas y los servicios financieros, incluida la micro financiación",Personas,"Derecho a recursos económicos, servicios básicos, la propiedad y el control de la tierra y otros bienes",Garantizar,Parcial
2,Crecimiento Económico Inclusivo,Empleo y Protección Social,2.1.4 Alcanzar la inclusión financiera de todos los adultos.,Personas,Inclusión Financiera,Alcanzar,10,10.2,"10.2 De aquí a 2030, potenciar y promover la inclusión social, económica y política de todas las personas, independientemente de su edad, sexo, discapacidad, raza, etnia, origen, religión o situación económica u otra condición",Personas,Inclusión social económica y política,Potenciar y Promover,Parcial
2,Crecimiento Económico Inclusivo,Empleo y Protección Social,2.1.4 Alcanzar la inclusión financiera de todos los adultos.,Personas,Inclusión Financiera,Alcanzar,5,5.a,"5.a Emprender reformas que otorguen a las mujeres igualdad de derechos a los recursos económicos, así como acceso a la propiedad y al control de la tierra y otros tipos de bienes, los servicios financieros, la herencia y los recursos naturales, de conformidad con las leyes nacionales",Mujeres,"Igualdad de Derechos a recursos económicos, acceso a propiedad y al control de la tierra y otros tipos de bienes, servicios financieros, la herencia y recursos naturales",Emprender Reformas,Parcial
2,Crecimiento Económico Inclusivo,Empleo y Protección Social,2.1.4 Alcanzar la inclusión financiera de todos los adultos.,Personas,Inclusión Financiera,Alcanzar,8,8.10,"8.10 Fortalecer la capacidad de las instituciones financieras nacionales para fomentar y ampliar el acceso a los servicios bancarios, financieros y de seguros para todos",Instituciones financieras,Capacidad para fomentar y ampliar servicios bancarios y financieros seguros ,Fortalecer,Parcial
2,Crecimiento Económico Inclusivo,Competitividad e Innovación,"2.2.1 Regularizar la tenencia de la tierra, con énfasis en beneficiarios de la reforma agraria.",Personas,Tenencia de tierras,Regularizar,1,1.4,"1.4 Para 2030, garantizar que todos los hombres y mujeres, en particular los pobres y los vulnerables, tengan los mismos derechos a los recursos económicos, así como acceso a los servicios básicos, la propiedad y el control de las tierras y otros bienes, la herencia, los recursos naturales, las nuevas tecnologías apropiadas y los servicios financieros, incluida la micro financiación",Personas,"Derecho a recursos económicos, servicios básicos, la propiedad y el control de la tierra y otros bienes",Garantizar,Parcial
2,Crecimiento Económico Inclusivo,Competitividad e Innovación,"2.2.1 Regularizar la tenencia de la tierra, con énfasis en beneficiarios de la reforma agraria.",Personas,Tenencia de tierras,Regularizar,2,2.3,"2.3 Para 2030, duplicar la productividad agrícola y los ingresos de los productores de alimentos en pequeña escala, en particular las mujeres, los pueblos indígenas, los agricultores familiares, los pastores y los pescadores, entre otras cosas mediante un acceso seguro y equitativo a las tierras, a otros recursos de producción e insumos, conocimientos, servicios financieros, mercados y oportunidades para la generación de valor añadido y empleos no agrícolas",Productores de alimentos en pequeña escala,"Productividad Agrícola, ingreso de los productores, acceso seguro y equitativo a la tierra y otros recursos",Duplicar,Parcial
2,Crecimiento Económico Inclusivo,Competitividad e Innovación,2.2.10 Aumentar la velocidad de transferencia de datos desde y hacia internet,Internet,Velocidad de transferencia de datos,Aumentar,9,9.c,9.c Aumentar significativamente el acceso a la tecnología de la información y las comunicaciones y esforzarse por proporcionar acceso universal y asequible a Internet en los países menos adelantados de aquí a 2020,Internet,Acceso universal y asequible ,Aumentar,Parcial
2,Crecimiento Económico Inclusivo,Competitividad e Innovación,2.2.2 Mejorar la competitividad de la agricultura familiar y su inserción en los mercados nacionales e internacionales. ,Familias agricultoras,Competitividad de la agricultura familiar,Mejorar,2,2.3,"2.3 Para 2030, duplicar la productividad agrícola y los ingresos de los productores de alimentos en pequeña escala, en particular las mujeres, los pueblos indígenas, los agricultores familiares, los pastores y los pescadores, entre otras cosas mediante un acceso seguro y equitativo a las tierras, a otros recursos de producción e insumos, conocimientos, servicios financieros, mercados y oportunidades para la generación de valor añadido y empleos no agrícolas",Productores de alimentos en pequeña escala,"Productividad Agrícola, ingreso de los productores, acceso seguro y equitativo a la tierra y otros recursos",Duplicar,Parcial
2,Crecimiento Económico Inclusivo,Competitividad e Innovación,2.2.2 Mejorar la competitividad de la agricultura familiar y su inserción en los mercados nacionales e internacionales. ,Familias agricultoras,Competitividad de la agricultura familiar,Mejorar,2,2.c,"2.c Adoptar medidas para asegurar el buen funcionamiento de los mercados de productos básicos alimentarios y sus derivados y facilitar el acceso oportuno a información sobre los mercados, en particular sobre las reservas de alimentos, a fin de ayudar a limitar la extrema volatilidad de los precios de los alimentos",Mercados productivos,"Buen funcionamiento, acceso oportuno, volatilidad de precios",Adoptar medidas,Parcial
2,Crecimiento Económico Inclusivo,Competitividad e Innovación,2.2.2 Mejorar la competitividad de la agricultura familiar y su inserción en los mercados nacionales e internacionales. ,Familias agricultoras,Competitividad de la agricultura familiar,Mejorar,8,8.2,"8.2 Lograr niveles más elevados de productividad económica mediante la diversificación, la modernización tecnológica y la innovación, entre otras cosas centrándose en los sectores con gran valor añadido y un uso intensivo de la mano de obra",Sectores económicos,Productividad económica ,Lograr niveles elevados,Parcial
2,Crecimiento Económico Inclusivo,Competitividad e Innovación,2.2.3 Consolidar a las universidades en el campo de la investigación y extensión. ,Universidades,Investigación y extensión,Consolidar,9,9.5,"9.5 Aumentar la investigación científica y mejorar la capacidad tecnológica de los sectores industriales de todos los países, en particular los países en desarrollo, entre otras cosas fomentando la innovación y aumentando considerablemente, de aquí a 2030, el número de personas que trabajan en investigación y desarrollo por millón de habitantes y los gastos de los sectores público y privado en investigación y desarrollo",Sectores industriales,Investigación Científica y mejora en la capacidad tecnológica,Aumentar,Parcial
2,Crecimiento Económico Inclusivo,Competitividad e Innovación,2.2.3 Consolidar a las universidades en el campo de la investigación y extensión. ,Universidades,Investigación y extensión,Consolidar,9,9.b,"9.b Apoyar el desarrollo de tecnologías, la investigación y la innovación nacionales en los países en desarrollo, incluso garantizando un entorno normativo propicio a la diversificación industrial y la adición de valor a los productos básicos, entre otras cosas",Países en desarrollo,"Desarrollo Tecnológico, investigación e innovación nacional",Apoyar,Parcial
2,Crecimiento Económico Inclusivo,Competitividad e Innovación,2.2.4. Alcanzar y mantener una tasa de crecimiento promedio de la economía que propicie el desarrollo sostenible e inclusivo.,Crecimiento económico promedio,Tasa de crecimiento promedio de la economía,Alcanzar y Mantener,8,8.1,"8.1 Mantener el crecimiento económico per cápita de conformidad con las circunstancias nacionales y, en particular, un crecimiento del producto interno bruto de al menos el 7% anual en los países menos adelantados",Crecimiento económico per cápita,Tasa de crecimiento económico ,Mantener,Total
2,Crecimiento Económico Inclusivo,Competitividad e Innovación,2.2.5 Mantener baja tasa de inflación y con reducida volatilidad.,Inflación,Inflación y volatilidad económica,Mantener bajas ,17,17.13,"17.13 Aumentar la estabilidad macroeconómica mundial, incluso mediante la coordinación y coherencia de las políticas",Economía,Estabilidad Macroeconómica,Aumentar,Parcial
2,Crecimiento Económico Inclusivo,Competitividad e Innovación,2.2.6 Disminuir y mantener el desempleo a niveles de pleno empleo fomentando el trabajo decente y de calidad,Personas,"Desempleo, trabajo decente y de calidad",Disminuir y mantener,8,8.5,"8.5 De aquí a 2030, lograr el empleo pleno y productivo y el trabajo decente para todas las mujeres  y los hombres, incluidos los jóvenes y las personas con discapacidad, así como la igualdad de remuneración por trabajo de igual valor",Personas,Pleno empleo y trabajo decente,Lograr,Total
2,Crecimiento Económico Inclusivo,Competitividad e Innovación,2.2.6 Disminuir y mantener el desempleo a niveles de pleno empleo fomentando el trabajo decente y de calidad,Personas,"Desempleo, trabajo decente y de calidad",Disminuir y mantener,8,8.6,"8.6 De aquí a 2020, reducir considerablemente la proporción de jóvenes que no están empleados y no cursan estudios ni reciben capacitación",Jóvenes ,Proporción de jóvenes que no están empleados y no cursan estudios ni reciben capacitación,Reducir,Parcial
2,Crecimiento Económico Inclusivo,Competitividad e Innovación,2.2.6 Disminuir y mantener el desempleo a niveles de pleno empleo fomentando el trabajo decente y de calidad,Personas,"Desempleo, trabajo decente y de calidad",Disminuir y mantener,8,8.b,"8.b  De aquí a 2020, desarrollar y poner en marcha una estrategia mundial para el empleo de los jóvenes y aplicar el Pacto Mundial para el Empleo de la Organización  Internacional del Trabajo",Jóvenes ,Empleo de los jóvenes ,Desarrollar y poner en marcha,Parcial
2,Crecimiento Económico Inclusivo,Competitividad e Innovación,2.2.7 Formalizar las actividades económicas de los diferentes sectores para disminuir la evasión impositiva.,Sectores económicos,Evasión impositiva,Formalizar la actividad económica,17,17.1,"17.1 Fortalecer la movilización de recursos internos, incluso mediante la prestación de apoyo internacional a los países en desarrollo, con el fin de mejorar la capacidad nacional para recaudar ingresos fiscales y de otra índole",Ingresos Fiscales,Capacidad Nacional para recaudar ingresos fiscales,Fortalecer la movilización de recursos internos,Total
2,Crecimiento Económico Inclusivo,Competitividad e Innovación,2.2.7 Formalizar las actividades económicas de los diferentes sectores para disminuir la evasión impositiva.,Sectores económicos,Evasión impositiva,Formalizar la actividad económica,8,8.3,"8.3 Promover políticas orientadas al desarrollo que apoyen las actividades productivas, la creación de puestos de trabajo decentes, el emprendimiento, la creatividad y la innovación, y fomentar la formalización y el crecimiento de las microempresas y las pequeñas y medianas empresas, incluso mediante el acceso a servicios financieros",MiPymes,"Actividad productiva, creación de puestos de trabajo, emprendimiento, creatividad e innovación",Promover Políticas orientadas al desarrollo,Parcial
2,Crecimiento Económico Inclusivo,Competitividad e Innovación,2.2.8 Mejorar la eficiencia del gasto público.,Gasto Publico,Eficiencia del gasto,Mejorar,16,16.6,16.6 Crear a todos los niveles instituciones eficaces y transparentes que rindan cuentas,Instituciones,Instituciones no eficaces ni transparentes,Crear,Parcial
2,Crecimiento Económico Inclusivo,Competitividad e Innovación,2.2.8 Mejorar la eficiencia del gasto público.,Gasto Publico,Eficiencia del gasto,Mejorar,17,17.1,"17.1 Fortalecer la movilización de recursos internos, incluso mediante la prestación de apoyo internacional a los países en desarrollo, con el fin de mejorar la capacidad nacional para recaudar ingresos fiscales y de otra índole",Ingresos Fiscales,Capacidad Nacional para recaudar ingresos fiscales,Fortalecer la movilización de recursos internos,Parcial
2,Crecimiento Económico Inclusivo,Competitividad e Innovación,2.2.9 Consolidar una red de transporte multimodal para una logística eficiente.,Red de Transporte,Logística eficiente,Consolidar,11,11.2,"11.2 De aquí a 2030, proporcionar acceso a sistemas de transporte seguros, asequibles, accesibles y sostenibles para todos y mejorar la seguridad vial, en particular mediante la ampliación del transporte público, prestando especial atención a las necesidades de las personas en situación de vulnerabilidad, las mujeres, los niños, las personas con discapacidad y las personas de edad",Sistema de Transporte,"Sistema de transporte seguro, asequible, accesible y sostenible para todos y mejorar la seguridad vial",Proporcionar,Total
2,Crecimiento Económico Inclusivo,Regionalización y Diversificación Productiva,2.3.1. Reducir la brecha de ingresos promedio de los departamentos más pobres del país con respecto a los departamentos con mayores niveles de ingreso.,Departamentos mas pobres,Ingreso Promedio,Reducir la brecha,10,10.1,"10.1 De aquí a 2030, lograr progresivamente y mantener el crecimiento de los ingresos del 40% más pobre de la población a una tasa superior a la media nacional",Personas de los dos quintiles mas pobres,Ingresos,Lograr progresivamente y mantener el crecimiento,Parcial
2,Crecimiento Económico Inclusivo,Regionalización y Diversificación Productiva,2.3.1. Reducir la brecha de ingresos promedio de los departamentos más pobres del país con respecto a los departamentos con mayores niveles de ingreso.,Departamentos mas pobres,Ingreso Promedio,Reducir la brecha,10,10.2,"10.2 De aquí a 2030, potenciar y promover la inclusión social, económica y política de todas las personas, independientemente de su edad, sexo, discapacidad, raza, etnia, origen, religión o situación económica u otra condición",Personas,"Inclusión social, económica y política",Potenciar y promover,Parcial
2,Crecimiento Económico Inclusivo,Regionalización y Diversificación Productiva,2.3.2 Fortalecer a las MiPymes en la producción de Bienes y Servicios.,MiPymes,Producción de bienes y servicios,Fortalecer,8,8.3,"8.3 Promover políticas orientadas al desarrollo que apoyen las actividades productivas, la creación de puestos de trabajo decentes, el emprendimiento, la creatividad y la innovación, y fomentar la formalización y el crecimiento de las microempresas y las pequeñas y medianas empresas, incluso mediante el acceso a servicios financieros",MiPymes,"Actividad productiva, creación de puestos de trabajo, emprendimiento, creatividad e innovación",Promover Políticas orientadas al desarrollo,Parcial
2,Crecimiento Económico Inclusivo,Regionalización y Diversificación Productiva,2.3.2 Fortalecer a las MiPymes en la producción de Bienes y Servicios.,MiPymes,Producción de bienes y servicios,Fortalecer,9,9.3,"9.3 Aumentar el acceso de las pequeñas industrias y otras empresas, particularmente en los países en desarrollo, a los servicios financieros, incluidos créditos asequibles, y su integración en las cadenas de valor y los mercados",MiPymes,Acceso a los servicios financieros,Aumentar ,Parcial
2,Crecimiento Económico Inclusivo,Regionalización y Diversificación Productiva,2.3.3 Incrementar la participación del consumo de electricidad para uso industrial.,Industria,Consumo eléctrico,Incrementar la Participación,8,8.4,"8.4 Mejorar progresivamente, de aquí a 2030, la producción y el consumo eficientes de los recursos mundiales y procurar desvincular el crecimiento económico de la degradación del medio ambiente, conforme al Marco Decenal de Programas sobre modalidades de Consumo y Producción Sostenibles, empezando por los países desarrollados",Recursos Mundiales,Degradación del medio ambiente ,Mejorar progresivamente la producción y el consumo,Parcial
2,Crecimiento Económico Inclusivo,Regionalización y Diversificación Productiva,2.3.3 Incrementar la participación del consumo de electricidad para uso industrial.,Industria,Consumo eléctrico,Incrementar la Participación,9,9.4,"9.4 De aquí a 2030, modernizar la infraestructura y reconvertir las industrias para que sean sostenibles, utilizando los recursos con mayor eficacia y promoviendo la adopción de tecnologías y procesos industriales limpios y ambientalmente racionales, y logrando que todos los países tomen medidas de acuerdo con sus capacidades respectivas",Industrias,Infraestructura,Modernizar ,Parcial
2,Crecimiento Económico Inclusivo,Regionalización y Diversificación Productiva,2.3.3. Incrementar la participación del consumo de electricidad para uso industrial.,Industria,Consumo eléctrico,Incrementar la Participación,7,7.3,"7.3 De aquí a 2030, duplicar la tasa mundial de mejora de la eficiencia energética",Matriz energética,Eficiencia energética,Duplicar la tasa mundial,Parcial
2,Crecimiento Económico Inclusivo,Regionalización y Diversificación Productiva,2.3.3. Incrementar la participación del consumo de electricidad para uso industrial.,Industria,Consumo eléctrico,Incrementar la Participación,9,9.2,"9.2 Promover una industrialización inclusiva y sostenible y, de aquí a 2030, aumentar significativamente la contribución de la industria al empleo y al producto interno bruto, de acuerdo con las circunstancias nacionales, y duplicar esa contribución en los países  menos adelantados",Industrias,Industrialización no sostenible,Promover,Parcial
2,Crecimiento Económico Inclusivo,Regionalización y Diversificación Productiva,2.3.4 Aumentar la contribución de la Minería al Producto Interno Bruto.,Minería,Contribución en el Producto Interno Bruto,Aumentar,8,8.2,"8.2 Lograr niveles más elevados de productividad económica mediante la diversificación, la modernización tecnológica y la innovación, entre otras cosas centrándose en los sectores con gran valor añadido y un uso intensivo de la mano de obra",Sectores económicos,Productividad económica ,Lograr niveles elevados,Parcial
2,Crecimiento Económico Inclusivo,Valoración del Capital Ambiental,2.4.1 Aumentar la cobertura de bosques asegurando la conservación y restauración de los mismos ,Bosques,Cobertura ,"Aumentar, asegurar la conservación y restauración",15,15.1,"15.1 Para 2020, velar por la conservación, el restablecimiento y el uso sostenible de los ecosistemas terrestres y los ecosistemas interiores de agua dulce y los servicios que proporcionan, en particular los bosques, los humedales, las montañas y las zonas áridas, en consonancia con las obligaciones contraídas en virtud de acuerdos internacionales",Ecosistemas terrestres e interiores,"Conservación, el restablecimiento y el uso sostenible",Velar,Parcial
2,Crecimiento Económico Inclusivo,Valoración del Capital Ambiental,2.4.1 Aumentar la cobertura de bosques asegurando la conservación y restauración de los mismos ,Bosques,Cobertura ,"Aumentar, asegurar la conservación y restauración",15,15.2,"15.2 Para 2020, promover la gestión sostenible de todos los tipos de bosques, poner fin a la deforestación, recuperar los bosques degradados e incrementar la forestación y la reforestación a nivel mundial",Bosques,"Gestión sostenible, deforestación",Poner fin ,Total
2,Crecimiento Económico Inclusivo,Valoración del Capital Ambiental,2.4.1 Aumentar la cobertura de bosques asegurando la conservación y restauración de los mismos ,Bosques,Cobertura ,"Aumentar, asegurar la conservación y restauración",15,15.5,"15.5 Adoptar medidas urgentes y significativas para reducir la degradación de los hábitats naturales, detener la pérdida de la diversidad biológica y, para 2020, proteger las especies amenazadas y evitar su extinción", Hábitats naturales,"degradación , detener la pérdida de la diversidad biológica,  las especies amenazadas y evitar su extinción","Detener la perdida, proteger las especies",Parcial
2,Crecimiento Económico Inclusivo,Valoración del Capital Ambiental,2.4.1 Aumentar la cobertura de bosques asegurando la conservación y restauración de los mismos ,Bosques,Deterioro de los ecosistemas relacionados con el agua,"Aumentar, asegurar la conservación y restauración",6,6.6,"6.6 De aquí a 2020, proteger y restablecer los ecosistemas relacionados con el agua, incluidos los bosques, las montañas, los humedales, los ríos, los acuíferos y los lagos",Ecosistemas,En peligro,Proteger y restablecer,Parcial
2,Crecimiento Económico Inclusivo,Valoración del Capital Ambiental,2.4.2. Dinamizar el mercado de certificados de servicios ambientales.,Mercado de certificados,Poca dinamización,Dinamizar,12,12.2,"12.2 De aquí a 2030, lograr la gestión sostenible y el uso eficiente de los recursos naturales",Recursos Naturales,Gestión sostenible y uso eficiente,Lograr,Parcial
2,Crecimiento Económico Inclusivo,Valoración del Capital Ambiental,"2.4.3. Desarrollar y diversificar, hacia una matriz energética sostenible",Matriz energética,Matriz energética no sostenible,Desarrollar y Diversificar,7,7.2,"7.2 De aquí a 2030, aumentar considerablemente la proporción de energía renovable en el conjunto de fuentes energéticas",Matriz energética,Proporción de energía renovable en la matriz,Aumentar considerablemente,Total
2,Crecimiento Económico Inclusivo,Valoración del Capital Ambiental,"2.4.3. Desarrollar y diversificar, hacia una matriz energética sostenible",Matriz energética,Sostenible,Desarrollar y Diversificar,7,7.b,"7.b De aquí a 2030, ampliar la infraestructura y mejorar la tecnología para prestar servicios energéticos modernos y sostenibles para todos en los países en desarrollo, en particular los países menos adelantados, los pequeños Estados insulares en desarrollo y los países en desarrollo sin litoral, en consonancia con sus respectivos programas de apoyo",Matriz energética,Infraestructura y tecnología,Ampliar y mejorar,Parcial
2,Crecimiento Económico Inclusivo,Valoración del Capital Ambiental,"2.4.4 Aumentar la generación de energías renovables alternativas (solar, eólica y biogás, pequeñas centrales hidroeléctricas)",Energía Renovable alternativa,Generación de energía,Aumentar,12,12.2,"12.2 De aquí a 2030, lograr la gestión sostenible y el uso eficiente de los recursos naturales",Recursos Naturales,Gestión sostenible y uso eficiente,Lograr,Parcial
2,Crecimiento Económico Inclusivo,Valoración del Capital Ambiental,"2.4.4 Aumentar la generación de energías renovables alternativas (solar, eólica y biogás, pequeñas centrales hidroeléctricas)",Energía Renovable alternativa,Generación de energía,Aumentar,7,7.2,"7.2 De aquí a 2030, aumentar considerablemente la proporción de energía renovable en el conjunto de fuentes energéticas",Matriz energética,Proporción de energía renovable en la matriz,Aumentar considerablemente,Total
2,Crecimiento Económico Inclusivo,Valoración del Capital Ambiental,"2.4.4 Aumentar la generación de energías renovables alternativas (solar, eólica y biogás, pequeñas centrales hidroeléctricas)",Energía Renovable alternativa,Generación de energía,Aumentar,7,7.b,"7.b De aquí a 2030, ampliar la infraestructura y mejorar la tecnología para prestar servicios energéticos modernos y sostenibles para todos en los países en desarrollo, en particular los países menos adelantados, los pequeños Estados insulares en desarrollo y los países en desarrollo sin litoral, en consonancia con sus respectivos programas de apoyo",Matriz energética,Infraestructura y tecnología,Ampliar y mejorar,Parcial
3,Proyección de Paraguay en el Mundo,Igualdad de Oportunidades en un mundo globalizado,3.1.1 Impulsar una gestión diplomática y consular eficiente y transparente para el desarrollo sostenible y en defensa de los intereses nacionales ,Gestión Diplomática y consular,Gestión poco eficiente y transparente,Impulsar,10,10.7,"10.7 Facilitar la migración y la movilidad ordenadas, seguras, regulares y responsables de las personas, incluso mediante la aplicación de políticas migratorias planificadas y bien gestionadas",Personas,"Movilidad ordenada, segura, regulares y responsable de las personas",Facilitar la aplicación de políticas migratorias planificadas y bien gestionadas,Parcial
3,Proyección de Paraguay en el Mundo,Igualdad de Oportunidades en un mundo globalizado,3.1.2 Aumentar la eficiencia y el impacto de la Cooperación para el Desarrollo.,Cooperación para el Desarrollo,Eficiencia e impacto,Aumentar,10,10.b,"10.b  Fomentar la asistencia oficial para el desarrollo y las corrientes financieras, incluida la inversión extranjera directa, para los Estados con mayores necesidades, en particular los países menos adelantados, los países africanos, los pequeños Estados insulares en desarrollo y los países en desarrollo sin litoral, en consonancia con sus planes y programas nacionales","Estados con mayores necesidades, en particular los países menos adelantados","Asistencia oficial para el desarrollo  y las corrientes financieras, incluida la inversión extranjera directa",Fomentar,Total
3,Proyección de Paraguay en el Mundo,Igualdad de Oportunidades en un mundo globalizado,3.1.2 Aumentar la eficiencia y el impacto de la Cooperación para el Desarrollo.,Cooperación para el Desarrollo,Eficiencia e impacto,Aumentar,17,17.3,17.3 Movilizar recursos financieros adicionales de múltiples fuentes para los países en desarrollo,Países en desarrollo,Recursos financieros,Movilizar,Parcial
3,Proyección de Paraguay en el Mundo,Igualdad de Oportunidades en un mundo globalizado,3.1.2 Aumentar la eficiencia y el impacto de la Cooperación para el Desarrollo.,Cooperación para el Desarrollo,Eficiencia e impacto,Aumentar,17,17.6,"17.6 Mejorar la cooperación regional e internacional Norte-Sur, Sur-Sur y triangular en materia de ciencia, tecnología e innovación y el acceso a estas, y aumentar el intercambio de conocimientos en condiciones mutuamente convenidas, incluso mejorando la coordinación entre los mecanismos existentes, en particular a nivel de las Naciones Unidas, y mediante un mecanismo mundial de facilitación de la tecnología",Mecanismos de cooperación para el desarrollo,"Intercambio de conocimiento, coordinación entre mecanismos existentes",Mejorar,Total
3,Proyección de Paraguay en el Mundo,Igualdad de Oportunidades en un mundo globalizado,3.1.2 Aumentar la eficiencia y el impacto de la Cooperación para el Desarrollo.,Cooperación para el Desarrollo,Eficiencia e impacto,Aumentar,17,17.9,"17.9 Aumentar el apoyo internacional para realizar actividades de creación de capacidad eficaces y específicas en los países en desarrollo a fin de respaldar los planes nacionales de implementación de todos los Objetivos de Desarrollo Sostenible, incluso mediante la cooperación Norte-Sur, Sur-Sur y triangular",Mecanismos de cooperación para el desarrollo,Apoyo Internacional,Aumentar,Parcial
3,Proyección de Paraguay en el Mundo,Atracción de inversiones & comercio exterior,3.2.1 Mejorar el posicionamiento de Paraguay entre los exportadores mundiales competitivos de alimentos.,Exportadores de alimentos,Posicionamiento en el mercado mundial,Mejorar el posicionamiento,17,17.11,"17.11 Aumentar significativamente las exportaciones de los países en desarrollo, en particular con miras a duplicar la participación de los países menos adelantados en las exportaciones mundiales de aquí a 2020",Sector exportador,Exportación ,Aumentar significativamente,Total
3,Proyección de Paraguay en el Mundo,Atracción de inversiones & comercio exterior,3.2.2 Aumentar la exportación de productos y servicios no tradicionales,Sector exportador,Exportación Productos y Servicios no tradicionales,Aumentar,17,17.11,"17.11 Aumentar significativamente las exportaciones de los países en desarrollo, en particular con miras a duplicar la participación de los países menos adelantados en las exportaciones mundiales de aquí a 2020",Sector exportador,Exportación ,Aumentar significativamente,Parcial
3,Proyección de Paraguay en el Mundo,Atracción de inversiones & comercio exterior,3.2.2 Aumentar la exportación de productos y servicios no tradicionales,Productos y servicios no tradicionales,Exportación Productos y Servicios no tradicionales,Aumentar,8,8.2,"8.2 Lograr niveles más elevados de productividad económica mediante la diversificación, la modernización tecnológica y la innovación, entre otras cosas centrándose en los sectores con gran valor añadido y un uso intensivo de la mano de obra",Sectores económicos,Productividad económica ,Lograr niveles elevados,Parcial
3,Proyección de Paraguay en el Mundo,Atracción de inversiones & comercio exterior,3.2.3 Incrementar la inversión extranjera y nacional que favorezca la generación de empleo.,Inversión Extranjera y Nacional,Generación de empleo,Incrementar,10,10.b,"10.b  Fomentar la asistencia oficial para el desarrollo y las corrientes financieras, incluida la inversión extranjera directa, para los Estados con mayores necesidades, en particular los países menos adelantados, los países africanos, los pequeños Estados insulares en desarrollo y los países en desarrollo sin litoral, en consonancia con sus planes y programas nacionales","Estados con mayores necesidades, en particular los países menos adelantados","Asistencia oficial para el desarrollo  y las corrientes financieras, incluida la inversión extranjera directa",Fomentar,Parcial
3,Proyección de Paraguay en el Mundo,Atracción de inversiones & comercio exterior,3.2.3 Incrementar la inversión extranjera y nacional que favorezca la generación de empleo.,Inversión Extranjera y Nacional,Generación de empleo,Incrementar,17,17.3,17.3 Movilizar recursos financieros adicionales de múltiples fuentes para los países en desarrollo,Países en desarrollo,Recursos financieros,Movilizar,Parcial
3,Proyección de Paraguay en el Mundo,Atracción de inversiones & comercio exterior,3.2.3 Incrementar la inversión extranjera y nacional que favorezca la generación de empleo.,Inversión Extranjera y Nacional,Generación de empleo,Incrementar,17,17.5,17.5 Adoptar y aplicar sistemas de promoción de las inversiones en favor de los países menos adelantados,Países en desarrollo,Promoción de las inversiones ,Adoptar y aplicar,Parcial
3,Proyección de Paraguay en el Mundo,Atracción de inversiones & comercio exterior,3.2.3 Incrementar la inversión extranjera y nacional que favorezca la generación de empleo.,Inversión Extranjera y Nacional,Generación de empleo,Incrementar,8,8.3,"8.3 Promover políticas orientadas al desarrollo que apoyen las actividades productivas, la creación de puestos de trabajo decentes, el emprendimiento, la creatividad y la innovación, y fomentar la formalización y el crecimiento de las microempresas y las pequeñas y medianas empresas, incluso mediante el acceso a servicios financieros",MiPymes,"Actividad productiva, creación de puestos de trabajo, emprendimiento, creatividad e innovación",Promover Políticas orientadas al desarrollo,Parcial
3,Proyección de Paraguay en el Mundo,Atracción de inversiones & comercio exterior,3.2.4 Desarrollar el turismo sostenible,Turismo ,Sostenibilidad,Desarrollar,12,12.b,"12.b Elaborar y aplicar instrumentos para vigilar los efectos en el desarrollo sostenible, a fin de lograr un turismo sostenible que cree puestos de trabajo y promueva la cultura y los productos locales",Turismo,Efectos en el desarrollo sostenible,Elaborar y aplicar,Parcial
3,Proyección de Paraguay en el Mundo,Atracción de inversiones & comercio exterior,3.2.4 Desarrollar el turismo sostenible,Turismo ,Sostenibilidad,Desarrollar,8,8.9,"8.9 De aquí a 2030, elaborar y poner en práctica políticas encaminadas a promover un turismo sostenible que cree puestos de trabajo y promueva la cultura y los productos locales","Turismo, cultura y productos locales",Sostenibilidad,Elaborar y poner en práctica políticas encaminadas a promover,Total
3,Proyección de Paraguay en el Mundo,Regionalización y Diversidad Productiva,3.3.1 Consolidar y mantener a las vías fluviales como elemento fundamental de la matriz de transporte nacional y eje de integración regional,Vías fluviales,Matriz de transporte nacional,Consolidar y mantener,11,11.2,"11.2 De aquí a 2030, proporcionar acceso a sistemas de transporte seguros, asequibles, accesibles y sostenibles para todos y mejorar la seguridad vial, en particular mediante la ampliación del transporte público, prestando especial atención a las necesidades de las personas en situación de vulnerabilidad, las mujeres, los niños, las personas con discapacidad y las personas de edad",Sistema de Transporte,"Sistema de transporte seguro, asequible, accesible y sostenible para todos y mejorar la seguridad vial",Proporcionar,Parcial
3,Proyección de Paraguay en el Mundo,Regionalización y Diversidad Productiva,3.3.1 Consolidar y mantener a las vías fluviales como elemento fundamental de la matriz de transporte nacional y eje de integración regional,Vías fluviales,Matriz de transporte nacional,Consolidar y mantener,9,9.1,"9.1 Desarrollar infraestructuras fiables, sostenibles, resilientes y de calidad, incluidas infraestructuras regionales y transfronterizas, para apoyar el desarrollo económico y el bienestar humano, haciendo especial hincapié en el acceso asequible y equitativo para todos",Infraestructura ,"Sostenible, resiliente y de calidad, de acceso asequible y equitativo para todos",Desarrollar,Parcial
3,Proyección de Paraguay en el Mundo,Regionalización y Diversidad Productiva,"3.3.2 Aumentar los ingresos por venta de energía, a través de la libre comercialización de electricidad de binacionales y otras fuentes de generación.",Sector eléctrico,Libre comercialización de electricidad de binacionales y otras fuentes,Aumentar,17,17.11,"17.11 Aumentar significativamente las exportaciones de los países en desarrollo, en particular con miras a duplicar la participación de los países menos adelantados en las exportaciones mundiales de aquí a 2020",Sector exportador,Exportación ,Aumentar significativamente,Parcial
3,Proyección de Paraguay en el Mundo,Regionalización y Diversidad Productiva,"3.3.2 Aumentar los ingresos por venta de energía, a través de la libre comercialización de electricidad de binacionales y otras fuentes de generación.",Ingresos por venta de energía,Libre comercialización de electricidad de binacionales y otras fuentes,Aumentar,7,7.a,"7.a De aquí a 2030, aumentar la cooperación internacional para facilitar el acceso a la investigación y la tecnología relativas a la energía limpia, incluidas las fuentes renovables, la eficiencia energética y las tecnologías avanzadas y menos contaminantes de combustibles fósiles, y promover la inversión en infraestructura energética y tecnologías limpias",Fuentes Renovables de energía,Acceso a la investigación y la tecnología relativas a la energía limpia ,Aumentar la cooperación internacional,Parcial
3,Proyección de Paraguay en el Mundo,Sostenibilidad del Hábitat Global,3.4.1 Reducir las emisiones de los Gases de Efectos invernadero (GEI),Gases de Efecto invernadero,Emisión,Reducir,13,13.2,"13.2 Incorporar medidas relativas al cambio climático en las políticas, estrategias y planes nacionales","Políticas, estrategias y planes nacionales",Cambio climático,Incorporar,Parcial
3,Proyección de Paraguay en el Mundo,Sostenibilidad del Hábitat Global,3.4.2 Aumentar la capacidad de adaptación y resiliencia a los efectos del cambio climático,Asentamientos,Capacidad de adaptación y resiliencia,Aumentar,1,1.5,"1.5  Para 2030, fomentar la resiliencia de los pobres y las personas que se encuentran en situaciones vulnerables y reducir su exposición y vulnerabilidad a los fenómenos extremos relacionados con el clima y otras crisis y desastres económicos, sociales y ambientales",Personas en situación de pobreza y vulnerabilidad,"Resiliencia, reducir su exposición y vulnerabilidad a los fenómenos extremos relacionados con el clima ",Fomentar,Parcial
3,Proyección de Paraguay en el Mundo,Sostenibilidad del Hábitat Global,3.4.2 Aumentar la capacidad de adaptación y resiliencia a los efectos del cambio climático,Asentamientos,Capacidad de adaptación y resiliencia,Aumentar,11,11.b,"11.b De aquí a 2020, aumentar considerablemente el número de ciudades y asentamientos humanos que adoptan e implementan políticas y planes integrados para promover la inclusión, el uso eficiente de los recursos, la mitigación del cambio climático y la adaptación a él y la resiliencia ante los desastres, y desarrollar y poner en práctica, en consonancia con el Marco de Sendai para la Reducción del Riesgo de Desastres 2015-2030, la gestión integral de los riesgos de desastre a todos los niveles",Ciudades y asentamientos humanos,"Implementen políticas y planes integrados para promover la inclusión, el uso eficiente de los recursos, la mitigación del cambio climático y la adaptación a el y la resiliencia ante los desastres ","Aumentar el numero, desarrollar y poner en practica, en consonancia con el marco de Sendai para reducción de riesgos de Desastres 2015-2030",Parcial
3,Proyección de Paraguay en el Mundo,Sostenibilidad del Hábitat Global,3.4.2 Aumentar la capacidad de adaptación y resiliencia a los efectos del cambio climático,Asentamientos,Capacidad de adaptación y resiliencia,Aumentar,13,13.1,13.1 Fortalecer la resiliencia y la capacidad de adaptación a los riesgos relacionados con el clima y los desastres naturales en todos los países,Desastres naturales,Resiliencia y capacidad de adaptación a los riesgos relacionados con el clima,Fortalecer,Parcial
3,Proyección de Paraguay en el Mundo,Sostenibilidad del Hábitat Global,3.4.2 Aumentar la capacidad de adaptación y resiliencia a los efectos del cambio climático,Asentamientos,Capacidad de adaptación y resiliencia,Aumentar,13,13.2,"13.2 Incorporar medidas relativas al cambio climático en las políticas, estrategias y planes nacionales","Políticas, estrategias y planes nacionales",Cambio climático,Incorporar,Total
3,Proyección de Paraguay en el Mundo,Sostenibilidad del Hábitat Global,3.4.2 Aumentar la capacidad de adaptación y resiliencia a los efectos del cambio climático,Asentamientos,Capacidad de adaptación y resiliencia,Aumentar,13,13.3,"13.3 Mejorar la educación, la sensibilización y la capacidad humana e institucional respecto de la mitigación del cambio climático, la adaptación a él, la reducción de sus efectos y la alerta temprana",Cambio Climático,"Educación, sensibilización y la capacidad humana e institucional respecto de la mitigación, adaptación, la reducción de sus efectos y la alerta temprana",Mejorar,Total
3,Proyección de Paraguay en el Mundo,Sostenibilidad del Hábitat Global,3.4.2 Aumentar la capacidad de adaptación y resiliencia a los efectos del cambio climático,Asentamientos,Capacidad de adaptación y resiliencia,Aumentar,13,13.b,"13.b Promover mecanismos para aumentar la capacidad para la planificación y gestión eficaces en relación con el cambio climático en los países menos adelantados y los pequeños Estados insulares en desarrollo, haciendo particular hincapié en las mujeres, los jóvenes y las comunidades locales y marginadas. * Reconociendo que la Convención Marco de las Naciones Unidas sobre el Cambio Climático es el principal foro intergubernamental internacional para negociar la respuesta mundial al cambio climático.",Cambio Climático,Aumentar la capacidad de planificación y gestión eficaz,Promover mecanismos,Total
4,Fortalecimiento Político Institucional,"Derechos Humanos, Justicia, Defensa y Seguridad",4.1.1 Garantizar el acceso a la justicia con igualdad de oportunidades para todos.,Personas,Acceso a la justicia con igualdad de oportunidades para todos,Garantizar,10,10.3,"10.3 Garantizar la igualdad de oportunidades y reducir la desigualdad de resultados, incluso eliminando las leyes, políticas y prácticas discriminatorias y promoviendo legislaciones, políticas y medidas adecuadas a ese respecto",Personas,"Igualdad de oportunidades, desigualdad de resultados, practicas discriminatorias ",Garantizar,Parcial
4,Fortalecimiento Político Institucional,"Derechos Humanos, Justicia, Defensa y Seguridad",4.1.1 Garantizar el acceso a la justicia con igualdad de oportunidades para todos.,Justicia,Acceso a la justicia con igualdad de oportunidades para todos,Garantizar,16,16.3,16.3 Promover el estado de derecho en los planos nacional e internacional y garantizar la igualdad de acceso a la justicia para todos,Personas,"Estado de derecho, igualdad de acceso a la justicia",Promover Garantizar,Total
4,Fortalecimiento Político Institucional,"Derechos Humanos, Justicia, Defensa y Seguridad",4.1.2 Garantizar el acceso y la defensa de los DDHH sin discriminación alguna.,Personas,Acceso y defensa de DDHH,Garantizar,10,10.2,"10.2 De aquí a 2030, potenciar y promover la inclusión social, económica y política de todas las personas, independientemente de su edad, sexo, discapacidad, raza, etnia, origen, religión o situación económica u otra condición",Personas,Inclusión Social,Potenciar y promover,Parcial
4,Fortalecimiento Político Institucional,"Derechos Humanos, Justicia, Defensa y Seguridad",4.1.2 Garantizar el acceso y la defensa de los DDHH sin discriminación alguna.,Personas,Acceso y defensa de DDHH,Garantizar,16,16.3,16.3 Promover el estado de derecho en los planos nacional e internacional y garantizar la igualdad de acceso a la justicia para todos,Personas,"Estado de derecho, igualdad de acceso a la justicia",Promover Garantizar,Parcial
4,Fortalecimiento Político Institucional,"Derechos Humanos, Justicia, Defensa y Seguridad",4.1.2 Garantizar el acceso y la defensa de los DDHH sin discriminación alguna.,Personas,Acceso y defensa de DDHH,Garantizar,16,16.b,16.b Promover y aplicar leyes y políticas no discriminatorias en favor del desarrollo sostenible,Leyes y Políticas,Discriminación,Promover y Aplicar,Parcial
4,Fortalecimiento Político Institucional,"Derechos Humanos, Justicia, Defensa y Seguridad",4.1.3 Reducir los homicidios dolosos ,Personas,Homicidios dolosos,Reducir,16,16.1,16.1 Reducir significativamente todas las formas de violencia y las correspondientes tasas de mortalidad en todo el mundo,Personas,Tasa de mortalidad y todas las formas de violencia,Reducir,Parcial
4,Fortalecimiento Político Institucional,"Derechos Humanos, Justicia, Defensa y Seguridad","4.1.4 Fortalecer la lucha contra el crimen organizado, transfronterizo y actividades conexas ",Instituciones de seguridad y defensa,"Crimen organizado, transfronterizo y actividades conexas",Fortalecer,16,16.4,"16.4 De aquí a 2030, reducir significativamente las corrientes financieras y de armas ilícitas, fortalecer la recuperación y devolución de los activos robados y luchar contra todas las formas de delincuencia organizada",Todas las formas de delincuencia organizada,"Corrientes financieras y de armas ilícitas, recuperación y devolución de los activos robados","Reducir, fortalecer la lucha contra",Total
4,Fortalecimiento Político Institucional,"Derechos Humanos, Justicia, Defensa y Seguridad","4.1.4 Fortalecer la lucha contra el crimen organizado, transfronterizo y actividades conexas ",Instituciones de seguridad y defensa,"Crimen organizado, transfronterizo y actividades conexas",Fortalecer,16,16.a,"16.a Fortalecer las instituciones nacionales pertinentes, incluso mediante la cooperación internacional, para crear a todos los niveles, particularmente en los países en desarrollo, la capacidad de prevenir la violencia y combatir el terrorismo y la delincuencia",Instituciones nacionales,Capacidad de prevenir la violencia y combatir el terrorismo y la delincuencia,Fortalecer,Parcial
4,Fortalecimiento Político Institucional,"Derechos Humanos, Justicia, Defensa y Seguridad","4.1.4 Fortalecer la lucha contra el crimen organizado, transfronterizo y actividades conexas ",Instituciones de seguridad y defensa,"Crimen organizado, transfronterizo y actividades conexas",Fortalecer,8,8.7,"8.7 Adoptar medidas inmediatas y eficaces para erradicar el trabajo forzoso, poner fin a las formas contemporáneas de esclavitud y la trata de personas y asegurar la prohibición y eliminación de las peores formas de trabajo infantil, incluidos el reclutamiento y la utilización de niños soldados, y, de aquí a 2025, poner fin al trabajo infantil en todas sus formas",Personas,"Trabajo forzoso, formas contemporáneas de esclavitud y trata de personas, trabajo infantil, niños soldados","Erradicar, Poner Fin",Parcial
4,Fortalecimiento Político Institucional,"Derechos Humanos, Justicia, Defensa y Seguridad","4.1.5 Garantizar la seguridad multidimensional y defensa del territorio paraguayo, del estado y su patrimonio",Territorio paraguayo,"Defensa del territorio, del estado y su patrimonio",Garantizar,16,16.a,"16.a Fortalecer las instituciones nacionales pertinentes, incluso mediante la cooperación internacional, para crear a todos los niveles, particularmente en los países en desarrollo, la capacidad de prevenir la violencia y combatir el terrorismo y la delincuencia",Instituciones nacionales,Capacidad de prevenir la violencia y combatir el terrorismo y la delincuencia,Fortalecer,Parcial
4,Fortalecimiento Político Institucional,Modernización de la Administración Pública,"4.2.2. Garantizar el acceso efectivo a la información pública, por todos los medios disponibles.",Información publica,Acceso efectivo,Garantizar,16,16.10,"16.10 Garantizar el acceso público a la información y proteger las libertades fundamentales, de conformidad con las leyes nacionales y los acuerdos internacionales",Información,"Acceso publico, libertades fundamentales de conformidad con las leyes nacionales y acuerdos internacionales",Garantizar y proteger,Total
4,Fortalecimiento Político Institucional,Modernización de la Administración Pública,4.2.3. Simplificación de trámites y aumento de la oferta de servicios públicos en línea.,Tramites,Oferta publica de servicios en línea,Simplificar,16,16.6,16.6 Crear a todos los niveles instituciones eficaces y transparentes que rindan cuentas,Instituciones,Instituciones no eficaces ni transparentes,Crear,Parcial
4,Fortalecimiento Político Institucional,Modernización de la Administración Pública,4.2.4. Mejorar la capacidad del Sistema Estadístico Nacional ,Sistema Estadístico Nacional ,Capacidad,Mejorar,17,17.18,"17.18 De aquí a 2020, mejorar el apoyo a la creación de capacidad prestado a los países en desarrollo, incluidos los países menos adelantados y los pequeños Estados insulares en desarrollo, para aumentar significativamente la disponibilidad de datos oportunos, fiables y de gran calidad desglosados por ingresos, sexo, edad, raza, origen étnico, estatus migratorio, discapacidad, ubicación geográfica y otras características pertinentes en los contextos nacionales",Países en desarrollo,Apoyo a la creación de capacidad,Mejorar el apoyo ,Parcial
4,Fortalecimiento Político Institucional,Modernización de la Administración Pública,4.2.4. Mejorar la capacidad del Sistema Estadístico Nacional ,Sistema Estadístico Nacional ,Capacidad,Mejorar,17,17.19,"17.19 De aquí a 2030, aprovechar las iniciativas existentes para elaborar indicadores que permitan medir los progresos en materia de desarrollo sostenible y complementen el producto interno bruto, y apoyar la creación de capacidad estadística en los países en desarrollo", Indicadores,Medición de los progresos en materia de desarrollo sostenible,Aprovechar iniciativas existentes,Parcial
4,Fortalecimiento Político Institucional,Modernización de la Administración Pública,4.2.5. Asegurar la transparencia y eficiencia de la gestión y del gasto público del Gobierno General,Gestión y Gasto público del Gobierno Central,Transparencia y eficiencia ,Asegurar,16,16.6,16.6 Crear a todos los niveles instituciones eficaces y transparentes que rindan cuentas,Instituciones,Instituciones no eficaces ni transparentes,Crear,Parcial
4,Fortalecimiento Político Institucional,Descentralización,4.3.1 Desconcentrar y articular efectivamente la gestión de los servicios sociales y públicos a nivel territorial.,Servicios sociales y Públicos a nivel territorial,Gestión efectiva,Desconcentrar y articular ,16,16.6,16.6 Crear a todos los niveles instituciones eficaces y transparentes que rindan cuentas,Instituciones,Instituciones no eficaces ni transparentes,Crear en todos los niveles,Parcial
4,Fortalecimiento Político Institucional,Descentralización,4.3.1 Desconcentrar y articular efectivamente la gestión de los servicios sociales y públicos a nivel territorial.,Servicios sociales y Públicos a nivel territorial,Gestión efectiva,Desconcentrar y articular ,16,16.7,"16.7 Garantizar la adopción en todos los niveles de decisiones inclusivas, participativas y representativas que respondan a las necesidades",Personas,"Decisiones inclusivas, participativas y representativas",Garantizar la adopción,Parcial
4,Fortalecimiento Político Institucional,Descentralización,4.3.1 Desconcentrar y articular efectivamente la gestión de los servicios sociales y públicos a nivel territorial.,Servicios sociales y Públicos a nivel territorial,Gestión efectiva,Desconcentrar y articular ,6,6.b,6.b Apoyar y fortalecer la participación de las comunidades locales en la mejora de la gestión del agua y el saneamiento,Comunidades locales,Gestión del agua y el saneamiento,Apoyar y Fortalecer,Parcial
4,Fortalecimiento Político Institucional,Defensa de recursos naturales,4.4.1. Recuperar y preservar el medio ambiente y los recursos naturales,Medio ambiente y los recursos naturales,Deterioro del medio ambiente,Recuperar y preservar,12,12.2,"12.2 De aquí a 2030, lograr la gestión sostenible y el uso eficiente de los recursos naturales",Recursos naturales,Gestión sostenible y uso eficiente,Lograr,Parcial
4,Fortalecimiento Político Institucional,Defensa de recursos naturales,4.4.1. Recuperar y preservar el medio ambiente y los recursos naturales,Medio ambiente y los recursos naturales,Deterioro del medio ambiente,Recuperar y preservar,14,14.4,"14.4 De aquí a 2020, reglamentar eficazmente la explotación pesquera y poner fin a la pesca excesiva, la pesca ilegal, no declarada y no reglamentada y las prácticas pesqueras destructivas, y aplicar planes de gestión con fundamento científico a fin de restablecer las poblaciones de peces en el plazo más breve posible, al menos alcanzando niveles que puedan producir el máximo rendimiento sostenible de acuerdo con sus características biológicas",Peces,Malas practicas pesqueras,Reglamentar eficazmente,Parcial
4,Fortalecimiento Político Institucional,Defensa de recursos naturales,4.4.1. Recuperar y preservar el medio ambiente y los recursos naturales,Medio ambiente y los recursos naturales,Deterioro del medio ambiente,Recuperar y preservar,14,14.6,"14.6 De aquí a 2020, prohibir ciertas formas de subvenciones a la pesca que contribuyen a la sobrecapacidad y la pesca excesiva, eliminar las subvenciones que contribuyen a la pesca ilegal, no declarada y no reglamentada y abstenerse de introducir nuevas subvenciones de esa índole, reconociendo que la negociación sobre las subvenciones a la pesca en el marco de la Organización Mundial del Comercio debe incluir un trato especial y diferenciado, apropiado y efectivo para los países en desarrollo y los países menos adelantados",Peces,Subvenciones a la pesca que contribuyen a la sobrecapacidad y la pesca excesiva,Prohibir,Parcial
4,Fortalecimiento Político Institucional,Defensa de recursos naturales,4.4.1. Recuperar y preservar el medio ambiente y los recursos naturales,Medio ambiente y los recursos naturales,Deterioro del medio ambiente,Recuperar y preservar,15,15.1,"15.1 Para 2020, velar por la conservación, el restablecimiento y el uso sostenible de los ecosistemas terrestres y los ecosistemas interiores de agua dulce y los servicios que proporcionan, en particular los bosques, los humedales, las montañas y las zonas áridas, en consonancia con las obligaciones contraídas en virtud de acuerdos internacionales",Ecosistemas terrestres e interiores,"Conservación, el restablecimiento y el uso sostenible",Velar,Parcial
4,Fortalecimiento Político Institucional,Defensa de recursos naturales,4.4.1. Recuperar y preservar el medio ambiente y los recursos naturales,Medio ambiente y los recursos naturales,Deterioro del medio ambiente,Recuperar y preservar,15,15.2,"15.2 Para 2020, promover la gestión sostenible de todos los tipos de bosques, poner fin a la deforestación, recuperar los bosques degradados e incrementar la forestación y la reforestación a nivel mundial",Bosques,"Poner fin a la deforestación, recuperar los bosques degradados e incrementar la forestación y la reforestación a nivel mundial",Promover gestión sostenible,Parcial
4,Fortalecimiento Político Institucional,Defensa de recursos naturales,4.4.1. Recuperar y preservar el medio ambiente y los recursos naturales,Medio ambiente y los recursos naturales,Deterioro del medio ambiente,Recuperar y preservar,15,15.3,"15.3 Para 2030, luchar contra la desertificación, rehabilitar las tierras y los suelos degradados, incluidas las tierras afectadas por la desertificación, la sequía y las inundaciones, y procurar lograr un mundo con una degradación neutra del suelo",Tierras y suelos,"desertificación, rehabilitación, suelos degradados, la sequía y las inundaciones",Procurar lograr un mundo con una degradación neutra del suelo,Parcial
4,Fortalecimiento Político Institucional,Defensa de recursos naturales,4.4.1. Recuperar y preservar el medio ambiente y los recursos naturales,Medio ambiente y los recursos naturales,Deterioro del medio ambiente,Recuperar y preservar,15,15.4,"15.4 Para 2030, velar por la conservación de los ecosistemas montañosos, incluida su diversidad biológica, a fin de mejorar su capacidad de proporcionar beneficios esenciales para el desarrollo sostenible",Ecosistema,Capacidad de proporcionar beneficios esenciales para el desarrollo sostenible,Velar por la conservación,Parcial
4,Fortalecimiento Político Institucional,Defensa de recursos naturales,4.4.1. Recuperar y preservar el medio ambiente y los recursos naturales,Medio ambiente y los recursos naturales,Deterioro del medio ambiente,Recuperar y preservar,15,15.5,"15.5 Adoptar medidas urgentes y significativas para reducir la degradación de los hábitats naturales, detener la pérdida de la diversidad biológica y, para 2020, proteger las especies amenazadas y evitar su extinción", Hábitats naturales,"degradación , detener la pérdida de la diversidad biológica,  las especies amenazadas y evitar su extinción","Detener la perdida, proteger las especies",Parcial
4,Fortalecimiento Político Institucional,Defensa de recursos naturales,4.4.1. Recuperar y preservar el medio ambiente y los recursos naturales,Medio ambiente y los recursos naturales,Deterioro del medio ambiente,Recuperar y preservar,15,15.9,"15.9 Para 2020, integrar los valores de los ecosistemas y la diversidad biológica en la planificación nacional y local, los procesos de desarrollo, las estrategias de reducción de la pobreza y la contabilidad",Ecosistema,"Planificación nacional y local, los procesos de desarrollo, las estrategias de reducción de la pobreza y la contabilidad",Integrar los valores,Parcial
4,Fortalecimiento Político Institucional,Defensa de recursos naturales,4.4.1. Recuperar y preservar el medio ambiente y los recursos naturales,Medio ambiente y los recursos naturales,Deterioro del medio ambiente,Recuperar y preservar,6,6.4,"6.4 De aquí a 2030, aumentar considerablemente el uso eficiente de los recursos hídricos en todos los sectores y asegurar la sostenibilidad de la extracción y el abastecimiento de agua dulce para hacer frente a la escasez de agua y reducir considerablemente el número de personas que sufren falta de agua",Recursos Hídricos,"Uso eficiente, sostenibilidad de la extracción y el abastecimiento de agua dulce ",Aumentar ,Parcial
4,Fortalecimiento Político Institucional,Defensa de recursos naturales,4.4.1. Recuperar y preservar el medio ambiente y los recursos naturales,Medio ambiente y los recursos naturales,Deterioro del medio ambiente,Recuperar y preservar,6,6.6,"6.6  De aquí a 2020, proteger y restablecer los ecosistemas relacionados con el agua, incluidos los bosques, las montañas, los humedales, los ríos, los acuíferos y los lagos",Ecosistemas,En peligro,Proteger y restablecer,Total