Objetivo Estratégico,Objetivo PND,ODS,Meta ODS,PND_subgrupo,PND_grupo,ODS_grupo,ODS_subgrupo
Desarrollo Social equitativo,1.1.2. Reducir la pobreza en todas sus formas.,1,"1.1 Para 2030, erradicar la pobreza extrema para todas las personas en el mundo, actualmente medida por un ingreso por persona inferior a 1,25 dólares de los Estados Unidos al día",PND_1.1.2,PND_1.1,ODS_1,ODS_1.1
Desarrollo Social equitativo,1.1.2. Reducir la pobreza en todas sus formas.,1,"1.2 Para 2030, reducir al menos a la mitad la proporción de hombres, mujeres y niños de todas las edades que viven en la pobreza en todas sus dimensiones con arreglo a las definiciones nacionales",PND_1.1.2,PND_1.1,ODS_1,ODS_1.2
Empleo y Protección Social,2.1.3 Universalizar la cobertura de seguridad social.,1,"1.3 Poner en práctica a nivel nacional sistemas y medidas apropiadas de protección social para todos y, para 2030, lograr una amplia cobertura de los pobres y los más vulnerables.",PND_2.1.3,PND_2.1,ODS_1,ODS_1.3
Desarrollo Social equitativo,1.1.12 Garantizar el acceso de sus derechos a niños/as y adolescentes.,1,"1.4 Para 2030, garantizar que todos los hombres y mujeres, en particular los pobres y los vulnerables, tengan los mismos derechos a los recursos económicos, así como acceso a los servicios básicos, la propiedad y el control de las tierras y otros bienes, la herencia, los recursos naturales, las nuevas tecnologías apropiadas y los servicios financieros, incluida la micro financiación",PND_1.1.12,PND_1.1,ODS_1,ODS_1.4
Hábitat adecuado y sostenible,1.4.3 Universalizar el acceso a la energía eléctrica y mejorar la calidad en el servicio.,1,"1.4 Para 2030, garantizar que todos los hombres y mujeres, en particular los pobres y los vulnerables, tengan los mismos derechos a los recursos económicos, así como acceso a los servicios básicos, la propiedad y el control de las tierras y otros bienes, la herencia, los recursos naturales, las nuevas tecnologías apropiadas y los servicios financieros, incluida la micro financiación",PND_1.4.3,PND_1.4,ODS_1,ODS_1.4
Hábitat adecuado y sostenible,1.4.5 Universalizar el acceso a agua potable.,1,"1.4 Para 2030, garantizar que todos los hombres y mujeres, en particular los pobres y los vulnerables, tengan los mismos derechos a los recursos económicos, así como acceso a los servicios básicos, la propiedad y el control de las tierras y otros bienes, la herencia, los recursos naturales, las nuevas tecnologías apropiadas y los servicios financieros, incluida la micro financiación",PND_1.4.5,PND_1.4,ODS_1,ODS_1.4
Hábitat adecuado y sostenible,1.4.6 Universalizar el acceso a saneamiento mejorado de la población con énfasis en sistemas de alcantarillado sanitario.,1,"1.4 Para 2030, garantizar que todos los hombres y mujeres, en particular los pobres y los vulnerables, tengan los mismos derechos a los recursos económicos, así como acceso a los servicios básicos, la propiedad y el control de las tierras y otros bienes, la herencia, los recursos naturales, las nuevas tecnologías apropiadas y los servicios financieros, incluida la micro financiación",PND_1.4.6,PND_1.4,ODS_1,ODS_1.4
Empleo y Protección Social,2.1.4 Alcanzar la inclusión financiera de todos los adultos.,1,"1.4 Para 2030, garantizar que todos los hombres y mujeres, en particular los pobres y los vulnerables, tengan los mismos derechos a los recursos económicos, así como acceso a los servicios básicos, la propiedad y el control de las tierras y otros bienes, la herencia, los recursos naturales, las nuevas tecnologías apropiadas y los servicios financieros, incluida la micro financiación",PND_2.1.4,PND_2.1,ODS_1,ODS_1.4
Competitividad e Innovación,"2.2.1 Regularizar la tenencia de la tierra, con énfasis en beneficiarios de la reforma agraria.",1,"1.4 Para 2030, garantizar que todos los hombres y mujeres, en particular los pobres y los vulnerables, tengan los mismos derechos a los recursos económicos, así como acceso a los servicios básicos, la propiedad y el control de las tierras y otros bienes, la herencia, los recursos naturales, las nuevas tecnologías apropiadas y los servicios financieros, incluida la micro financiación",PND_2.2.1,PND_2.2,ODS_1,ODS_1.4
Sostenibilidad del Hábitat Global,3.4.2 Aumentar la capacidad de adaptación y resiliencia a los efectos del cambio climático,1,"1.5  Para 2030, fomentar la resiliencia de los pobres y las personas que se encuentran en situaciones vulnerables y reducir su exposición y vulnerabilidad a los fenómenos extremos relacionados con el clima y otras crisis y desastres económicos, sociales y ambientales",PND_3.4.2,PND_3.4,ODS_1,ODS_1.5
Desarrollo Social equitativo,1.1.7 Reducir la desnutrición crónica infantil.,2,"2.1 Para 2030, poner fin al hambre y asegurar el acceso de todas las personas, en particular los pobres y las personas en situaciones vulnerables, incluidos los lactantes, a una alimentación sana, nutritiva y suficiente durante todo el año",PND_1.1.7,PND_1.1,ODS_2,ODS_2.1
Desarrollo Social equitativo,1.1.7 Reducir la desnutrición crónica infantil.,2,"2.2 Para 2030, poner fin a todas las formas de malnutrición, incluso logrando, a más tardar en 2025, las metas convenidas internacionalmente sobre el retraso del crecimiento y la emaciación de los niños menores de 5 años, y abordar las necesidades de nutrición de las adolescentes, las mujeres embarazadas y lactantes y las personas de edad",PND_1.1.7,PND_1.1,ODS_2,ODS_2.2
Empleo y Protección Social,2.1.1 Lograr progresivamente y mantener la tasa de crecimiento del ingreso del 40% de la población con menores ingresos por encima de la tasa promedio del ingreso nacional.,2,"2.3 Para 2030, duplicar la productividad agrícola y los ingresos de los productores de alimentos en pequeña escala, en particular las mujeres, los pueblos indígenas, los agricultores familiares, los pastores y los pescadores, entre otras cosas mediante un acceso seguro y equitativo a las tierras, a otros recursos de producción e insumos, conocimientos, servicios financieros, mercados y oportunidades para la generación de valor añadido y empleos no agrícolas",PND_2.1.1,PND_2.1,ODS_2,ODS_2.3
Competitividad e Innovación,"2.2.1 Regularizar la tenencia de la tierra, con énfasis en beneficiarios de la reforma agraria.",2,"2.3 Para 2030, duplicar la productividad agrícola y los ingresos de los productores de alimentos en pequeña escala, en particular las mujeres, los pueblos indígenas, los agricultores familiares, los pastores y los pescadores, entre otras cosas mediante un acceso seguro y equitativo a las tierras, a otros recursos de producción e insumos, conocimientos, servicios financieros, mercados y oportunidades para la generación de valor añadido y empleos no agrícolas",PND_2.2.1,PND_2.2,ODS_2,ODS_2.3
Competitividad e Innovación,2.2.2 Mejorar la competitividad de la agricultura familiar y su inserción en los mercados nacionales e internacionales. ,2,"2.3 Para 2030, duplicar la productividad agrícola y los ingresos de los productores de alimentos en pequeña escala, en particular las mujeres, los pueblos indígenas, los agricultores familiares, los pastores y los pescadores, entre otras cosas mediante un acceso seguro y equitativo a las tierras, a otros recursos de producción e insumos, conocimientos, servicios financieros, mercados y oportunidades para la generación de valor añadido y empleos no agrícolas",PND_2.2.2,PND_2.2,ODS_2,ODS_2.3
Competitividad e Innovación,2.2.2 Mejorar la competitividad de la agricultura familiar y su inserción en los mercados nacionales e internacionales. ,2,"2.c Adoptar medidas para asegurar el buen funcionamiento de los mercados de productos básicos alimentarios y sus derivados y facilitar el acceso oportuno a información sobre los mercados, en particular sobre las reservas de alimentos, a fin de ayudar a limitar la extrema volatilidad de los precios de los alimentos",PND_2.2.2,PND_2.2,ODS_2,ODS_2.c
Desarrollo Social equitativo,"1.1.9 Reducir la mortalidad materna con énfasis en grupos vulnerables (población indígena, adolescentes).",3,"3.1 Para 2030, reducir la tasa mundial de mortalidad materna a menos de 70 por cada 100.000 nacidos vivos",PND_1.1.9,PND_1.1,ODS_3,ODS_3.1
Desarrollo Social equitativo,1.1.10 Reducir la mortalidad neonatal y de niños menores de 5 años.,3,"3.2  Para 2030, poner fin a las muertes evitables de recién nacidos y de niños menores de 5 años, logrando que todos los países intenten reducir la mortalidad neonatal al menos hasta 12 por cada 1.000 nacidos vivos, y la mortalidad de niños menores de 5 años al menos hasta 25 por cada 1.000 nacidos vivos",PND_1.1.10,PND_1.1,ODS_3,ODS_3.2 
Desarrollo Social equitativo,"1.1.8 Reducir el SIDA, la tuberculosis, las enfermedades tropicales desatendidas y la hepatitis. ",3,"3.3 Para 2030, poner fin a las epidemias del SIDA, la tuberculosis, la malaria y las enfermedades tropicales desatendidas y combatir la hepatitis, las enfermedades transmitidas por el agua y otras enfermedades transmisibles",PND_1.1.8,PND_1.1,ODS_3,ODS_3.3
Servicios Sociales de Calidad,"1.2.4 Disminuir las muertes prematuras por enfermedades no transmisibles, promover el bienestar y la salud mental.",3,"3.4 Para 2030, reducir en un tercio la mortalidad prematura por enfermedades no transmisibles mediante la prevención y el tratamiento y promover la salud mental y el bienestar",PND_1.2.4,PND_1.2,ODS_3,ODS_3.4
Servicios Sociales de Calidad,1.2.5 Reducir el número de muertes y lesiones causadas por accidentes de tránsito.,3,"3.6  Para 2020, reducir a la mitad el número de muertes y lesiones causadas por accidentes de tráfico en el mundo",PND_1.2.5,PND_1.2,ODS_3,ODS_3.6 
Servicios Sociales de Calidad,"1.2.2 Lograr la cobertura total del servicio de salud, con calidad",3,"3.8 Lograr la cobertura sanitaria universal, en particular la protección contra los riesgos financieros, el acceso a servicios de salud esenciales de calidad y el acceso a medicamentos y vacunas seguros, eficaces, asequibles y de calidad para todos",PND_1.2.2,PND_1.2,ODS_3,ODS_3.8
Hábitat adecuado y sostenible,1.4.2 Reducir las muertes atribuibles a la contaminación del aire,3,"3.9 Para 2030, reducir sustancialmente el número de muertes y enfermedades producidas por productos químicos peligrosos y la contaminación del aire, el agua y el suelo",PND_1.4.2,PND_1.4,ODS_3,ODS_3.9
Servicios Sociales de Calidad,"1.2.2 Lograr la cobertura total del servicio de salud, con calidad",3,"3.c Aumentar sustancialmente la financiación de la salud y la contratación, el desarrollo, la capacitación y la retención del personal sanitario en los países en desarrollo, especialmente en los países menos adelantados y los pequeños Estados insulares en desarrollo",PND_1.2.2,PND_1.2,ODS_3,ODS_3.c
Desarrollo Social equitativo,1.1.4. Aumentar la cobertura y la retención del sistema educativo.,4,"4.1 De aquí a 2030, asegurar que todas las niñas y todos los niños terminen la enseñanza primaria y secundaria, que ha de ser gratuita, equitativa y de calidad y producir resultados de aprendizaje pertinentes y efectivos",PND_1.1.4,PND_1.1,ODS_4,ODS_4.1
Desarrollo Social equitativo,1.1.5 Aumentar la retención en el sistema de educación escolar básica en la población indígena.,4,"4.1 De aquí a 2030, asegurar que todas las niñas y todos los niños terminen la enseñanza primaria y secundaria, que ha de ser gratuita, equitativa y de calidad y producir resultados de aprendizaje pertinentes y efectivos",PND_1.1.5,PND_1.1,ODS_4,ODS_4.1
Servicios Sociales de Calidad,1.2.1 Alcanzar gradualmente los estándares internacionales de calidad educativa en todos los niveles.,4,"4.1 De aquí a 2030, asegurar que todas las niñas y todos los niños terminen la enseñanza primaria y secundaria, que ha de ser gratuita, equitativa y de calidad y producir resultados de aprendizaje pertinentes y efectivos",PND_1.2.1,PND_1.2,ODS_4,ODS_4.1
Desarrollo Social equitativo,1.1.11 Aumentar el acceso a servicios de atención y desarrollo en la primera infancia con un enfoque integral,4,"4.2 De aquí a 2030, asegurar que todas las niñas y todos los niños tengan acceso a servicios de atención y desarrollo en la primera infancia y educación preescolar de calidad, a fin de que estén preparados para la enseñanza primaria",PND_1.1.11,PND_1.1,ODS_4,ODS_4.2
Desarrollo Social equitativo,1.1.4. Aumentar la cobertura y la retención del sistema educativo.,4,"4.2 De aquí a 2030, asegurar que todas las niñas y todos los niños tengan acceso a servicios de atención y desarrollo en la primera infancia y educación preescolar de calidad, a fin de que estén preparados para la enseñanza primaria",PND_1.1.4,PND_1.1,ODS_4,ODS_4.2
Desarrollo Social equitativo,"1.1.13 Avanzar hacia la igualdad real y efectiva, eliminando la discriminación hacia las mujeres.",4,"4.3 De aquí a 2030, asegurar el acceso igualitario de todos los hombres y las mujeres a una formación técnica, profesional y superior de calidad, incluida la enseñanza universitaria",PND_1.1.13,PND_1.1,ODS_4,ODS_4.3
Desarrollo Social equitativo,1.1.4 Aumentar la cobertura y la retención del sistema educativo.,4,"4.3 De aquí a 2030, asegurar el acceso igualitario de todos los hombres y las mujeres a una formación técnica, profesional y superior de calidad, incluida la enseñanza universitaria",PND_1.1.4,PND_1.1,ODS_4,ODS_4.3
Servicios Sociales de Calidad,1.2.1 Alcanzar gradualmente los estándares internacionales de calidad educativa en todos los niveles.,4,"4.3 De aquí a 2030, asegurar el acceso igualitario de todos los hombres y las mujeres a una formación técnica, profesional y superior de calidad, incluida la enseñanza universitaria",PND_1.2.1,PND_1.2,ODS_4,ODS_4.3
Empleo y Protección Social,"2.1.2 Incrementar la participación de la población en los programas de formación y capacitación técnica profesional de calidad, con énfasis en la población joven y vulnerable.",4,"4.3 De aquí a 2030, asegurar el acceso igualitario de todos los hombres y las mujeres a una formación técnica, profesional y superior de calidad, incluida la enseñanza universitaria",PND_2.1.2,PND_2.1,ODS_4,ODS_4.3
Empleo y Protección Social,"2.1.2 Incrementar la participación de la población en los programas de formación y capacitación técnica profesional de calidad, con énfasis en la población joven y vulnerable.",4,"4.4 De aquí a 2030, aumentar considerablemente el número de jóvenes y adultos que tienen las competencias necesarias, en particular técnicas y profesionales, para acceder al empleo, el trabajo decente y el emprendimiento",PND_2.1.2,PND_2.1,ODS_4,ODS_4.4
Desarrollo Social equitativo,1.1.5 Aumentar la retención en el sistema de educación escolar básica en la población indígena.,4,"4.5 De aquí a 2030, eliminar las disparidades de género en la educación y asegurar el acceso igualitario a todos los niveles de la enseñanza y la formación profesional para las personas vulnerables, incluidas las personas con discapacidad, los pueblos indígenas y los niños en situaciones de vulnerabilidad",PND_1.1.5,PND_1.1,ODS_4,ODS_4.5
Desarrollo Social equitativo,1.1.4. Aumentar la cobertura y la retención del sistema educativo.,4,"4.6 De aquí a 2030, asegurar que todos los jóvenes y una proporción considerable de los adultos, tanto hombres como mujeres, estén alfabetizados y tengan nociones elementales de aritmética",PND_1.1.4,PND_1.1,ODS_4,ODS_4.6
Desarrollo Social equitativo,1.1.6 Disminuir el analfabetismo en la población indígena.,4,"4.6 De aquí a 2030, asegurar que todos los jóvenes y una proporción considerable de los adultos, tanto hombres como mujeres, estén alfabetizados y tengan nociones elementales de aritmética",PND_1.1.6,PND_1.1,ODS_4,ODS_4.6
Desarrollo Social equitativo,"1.1.13 Avanzar hacia la igualdad real y efectiva, eliminando la discriminación hacia las mujeres.",5,5.1  Poner fin a todas las formas de discriminación contra todas las mujeres y las niñas en todo el mundo,PND_1.1.13,PND_1.1,ODS_5,ODS_5.1
Desarrollo Social equitativo,"1.1.13 Avanzar hacia la igualdad real y efectiva, eliminando la discriminación hacia las mujeres.",5,"5.5 Asegurar la participación plena y efectiva de las mujeres y la igualdad de oportunidades de liderazgo a todos los niveles decisorios en la vida política, económica y pública",PND_1.1.13,PND_1.1,ODS_5,ODS_5.5
Desarrollo Social equitativo,"1.1.13 Avanzar hacia la igualdad real y efectiva, eliminando la discriminación hacia las mujeres.",5,"5.6 Asegurar el acceso universal a la salud sexual y reproductiva y los derechos reproductivos según lo acordado de conformidad con el Programa de Acción de la Conferencia Internacional sobre la Población y el Desarrollo, la Plataforma de Acción de Beijing y los documentos finales de sus conferencias de examen",PND_1.1.13,PND_1.1,ODS_5,ODS_5.6
Desarrollo Social equitativo,"1.1.13 Avanzar hacia la igualdad real y efectiva, eliminando la discriminación hacia las mujeres.",5,"5.a Emprender reformas que otorguen a las mujeres igualdad de derechos a los recursos económicos, así como acceso a la propiedad y al control de la tierra y otros tipos de bienes, los servicios financieros, la herencia y los recursos naturales, de conformidad con las leyes nacionales",PND_1.1.13,PND_1.1,ODS_5,ODS_5.a
Empleo y Protección Social,2.1.4 Alcanzar la inclusión financiera de todos los adultos.,5,"5.a Emprender reformas que otorguen a las mujeres igualdad de derechos a los recursos económicos, así como acceso a la propiedad y al control de la tierra y otros tipos de bienes, los servicios financieros, la herencia y los recursos naturales, de conformidad con las leyes nacionales",PND_2.1.4,PND_2.1,ODS_5,ODS_5.a
Desarrollo Social equitativo,"1.1.13 Avanzar hacia la igualdad real y efectiva, eliminando la discriminación hacia las mujeres.",5,5.c Aprobar y fortalecer políticas acertadas y leyes aplicables para promover la igualdad de género y el empoderamiento de todas las mujeres y las niñas a todos los niveles,PND_1.1.13,PND_1.1,ODS_5,ODS_5.c
Hábitat adecuado y sostenible,1.4.5 Universalizar el acceso a agua potable.,6,"6.1 De aquí a 2030, lograr el acceso universal y equitativo al agua potable a un precio asequible para todos",PND_1.4.5,PND_1.4,ODS_6,ODS_6.1
Hábitat adecuado y sostenible,1.4.6 Universalizar el acceso a saneamiento mejorado de la población con énfasis en sistemas de alcantarillado sanitario.,6,"6.2 De aquí a 2030, lograr el acceso a servicios de saneamiento e higiene adecuados y equitativos para todos y poner fin a la defecación al aire libre, prestando especial atención a las necesidades de las mujeres y las niñas y las personas en situaciones de vulnerabilidad",PND_1.4.6,PND_1.4,ODS_6,ODS_6.2
Hábitat adecuado y sostenible,1.4.1 Mejorar la gestión integral de residuos.,6,"6.3 De aquí a 2030, mejorar la calidad del agua reduciendo la contaminación, eliminando el vertimiento y minimizando la emisión de productos químicos y materiales peligrosos, reduciendo a la mitad el porcentaje de aguas residuales sin tratar y aumentando considerablemente el reciclado y la reutilización sin riesgos a nivel mundial",PND_1.4.1,PND_1.4,ODS_6,ODS_6.3
Hábitat adecuado y sostenible,1.4.5 Universalizar el acceso a agua potable.,6,"6.4 De aquí a 2030, aumentar considerablemente el uso eficiente de los recursos hídricos en todos los sectores y asegurar la sostenibilidad de la extracción y el abastecimiento de agua dulce para hacer frente a la escasez de agua y reducir considerablemente el número de personas que sufren falta de agua",PND_1.4.5,PND_1.4,ODS_6,ODS_6.4
Defensa de recursos naturales,4.4.1. Recuperar y preservar el medio ambiente y los recursos naturales,6,"6.4 De aquí a 2030, aumentar considerablemente el uso eficiente de los recursos hídricos en todos los sectores y asegurar la sostenibilidad de la extracción y el abastecimiento de agua dulce para hacer frente a la escasez de agua y reducir considerablemente el número de personas que sufren falta de agua",PND_4.4.1,PND_4.4,ODS_6,ODS_6.4
Valoración del Capital Ambiental,2.4.1 Aumentar la cobertura de bosques asegurando la conservación y restauración de los mismos ,6,"6.6 De aquí a 2020, proteger y restablecer los ecosistemas relacionados con el agua, incluidos los bosques, las montañas, los humedales, los ríos, los acuíferos y los lagos",PND_2.4.1,PND_2.4,ODS_6,ODS_6.6
Defensa de recursos naturales,4.4.1. Recuperar y preservar el medio ambiente y los recursos naturales,6,"6.6  De aquí a 2020, proteger y restablecer los ecosistemas relacionados con el agua, incluidos los bosques, las montañas, los humedales, los ríos, los acuíferos y los lagos",PND_4.4.1,PND_4.4,ODS_6,ODS_6.6
Desarrollo Local Participativo,1.3.3 Mejorar la participación de la población en la planificación de la gestión de las políticas publicas,6,6.b Apoyar y fortalecer la participación de las comunidades locales en la mejora de la gestión del agua y el saneamiento,PND_1.3.3,PND_1.3,ODS_6,ODS_6.b
Descentralización,4.3.1 Desconcentrar y articular efectivamente la gestión de los servicios sociales y públicos a nivel territorial.,6,6.b Apoyar y fortalecer la participación de las comunidades locales en la mejora de la gestión del agua y el saneamiento,PND_4.3.1,PND_4.3,ODS_6,ODS_6.b
Hábitat adecuado y sostenible,1.4.3 Universalizar el acceso a la energía eléctrica y mejorar la calidad en el servicio.,7,"7.1 De aquí a 2030, garantizar el acceso universal a servicios energéticos asequibles, fiables y modernos",PND_1.4.3,PND_1.4,ODS_7,ODS_7.1
Valoración del Capital Ambiental,"2.4.3. Desarrollar y diversificar, hacia una matriz energética sostenible",7,"7.2 De aquí a 2030, aumentar considerablemente la proporción de energía renovable en el conjunto de fuentes energéticas",PND_2.4.3,PND_2.4,ODS_7,ODS_7.2
Valoración del Capital Ambiental,"2.4.4 Aumentar la generación de energías renovables alternativas (solar, eólica y biogás, pequeñas centrales hidroeléctricas)",7,"7.2 De aquí a 2030, aumentar considerablemente la proporción de energía renovable en el conjunto de fuentes energéticas",PND_2.4.4,PND_2.4,ODS_7,ODS_7.2
Regionalización y Diversificación Productiva,2.3.3. Incrementar la participación del consumo de electricidad para uso industrial.,7,"7.3 De aquí a 2030, duplicar la tasa mundial de mejora de la eficiencia energética",PND_2.3.3,PND_2.3,ODS_7,ODS_7.3
Regionalización y Diversidad Productiva,"3.3.2 Aumentar los ingresos por venta de energía, a través de la libre comercialización de electricidad de binacionales y otras fuentes de generación.",7,"7.a De aquí a 2030, aumentar la cooperación internacional para facilitar el acceso a la investigación y la tecnología relativas a la energía limpia, incluidas las fuentes renovables, la eficiencia energética y las tecnologías avanzadas y menos contaminantes de combustibles fósiles, y promover la inversión en infraestructura energética y tecnologías limpias",PND_3.3.2,PND_3.3,ODS_7,ODS_7.a
Hábitat adecuado y sostenible,1.4.3 Universalizar el acceso a la energía eléctrica y mejorar la calidad en el servicio.,7,"7.b De aquí a 2030, ampliar la infraestructura y mejorar la tecnología para prestar servicios energéticos modernos y sostenibles para todos en los países en desarrollo, en particular los países menos adelantados, los pequeños Estados insulares en desarrollo y los países en desarrollo sin litoral, en consonancia con sus respectivos programas de apoyo",PND_1.4.3,PND_1.4,ODS_7,ODS_7.b
Valoración del Capital Ambiental,"2.4.3. Desarrollar y diversificar, hacia una matriz energética sostenible",7,"7.b De aquí a 2030, ampliar la infraestructura y mejorar la tecnología para prestar servicios energéticos modernos y sostenibles para todos en los países en desarrollo, en particular los países menos adelantados, los pequeños Estados insulares en desarrollo y los países en desarrollo sin litoral, en consonancia con sus respectivos programas de apoyo",PND_2.4.3,PND_2.4,ODS_7,ODS_7.b
Valoración del Capital Ambiental,"2.4.4 Aumentar la generación de energías renovables alternativas (solar, eólica y biogás, pequeñas centrales hidroeléctricas)",7,"7.b De aquí a 2030, ampliar la infraestructura y mejorar la tecnología para prestar servicios energéticos modernos y sostenibles para todos en los países en desarrollo, en particular los países menos adelantados, los pequeños Estados insulares en desarrollo y los países en desarrollo sin litoral, en consonancia con sus respectivos programas de apoyo",PND_2.4.4,PND_2.4,ODS_7,ODS_7.b
Empleo y Protección Social,2.1.1 Lograr progresivamente y mantener la tasa de crecimiento del ingreso del 40% de la población con menores ingresos por encima de la tasa promedio del ingreso nacional.,8,"8.1 Mantener el crecimiento económico per cápita de conformidad con las circunstancias nacionales y, en particular, un crecimiento del producto interno bruto de al menos el 7% anual en los países menos adelantados",PND_2.1.1,PND_2.1,ODS_8,ODS_8.1
Competitividad e Innovación,2.2.4. Alcanzar y mantener una tasa de crecimiento promedio de la economía que propicie el desarrollo sostenible e inclusivo.,8,"8.1 Mantener el crecimiento económico per cápita de conformidad con las circunstancias nacionales y, en particular, un crecimiento del producto interno bruto de al menos el 7% anual en los países menos adelantados",PND_2.2.4,PND_2.2,ODS_8,ODS_8.1
Empleo y Protección Social,2.1.4 Alcanzar la inclusión financiera de todos los adultos.,8,"8.10 Fortalecer la capacidad de las instituciones financieras nacionales para fomentar y ampliar el acceso a los servicios bancarios, financieros y de seguros para todos",PND_2.1.4,PND_2.1,ODS_8,ODS_8.10
Competitividad e Innovación,2.2.2 Mejorar la competitividad de la agricultura familiar y su inserción en los mercados nacionales e internacionales. ,8,"8.2 Lograr niveles más elevados de productividad económica mediante la diversificación, la modernización tecnológica y la innovación, entre otras cosas centrándose en los sectores con gran valor añadido y un uso intensivo de la mano de obra",PND_2.2.2,PND_2.2,ODS_8,ODS_8.2
Regionalización y Diversificación Productiva,2.3.4 Aumentar la contribución de la Minería al Producto Interno Bruto.,8,"8.2 Lograr niveles más elevados de productividad económica mediante la diversificación, la modernización tecnológica y la innovación, entre otras cosas centrándose en los sectores con gran valor añadido y un uso intensivo de la mano de obra",PND_2.3.4,PND_2.3,ODS_8,ODS_8.2
Atracción de inversiones & comercio exterior,3.2.2 Aumentar la exportación de productos y servicios no tradicionales,8,"8.2 Lograr niveles más elevados de productividad económica mediante la diversificación, la modernización tecnológica y la innovación, entre otras cosas centrándose en los sectores con gran valor añadido y un uso intensivo de la mano de obra",PND_3.2.2,PND_3.2,ODS_8,ODS_8.2
Competitividad e Innovación,2.2.7 Formalizar las actividades económicas de los diferentes sectores para disminuir la evasión impositiva.,8,"8.3 Promover políticas orientadas al desarrollo que apoyen las actividades productivas, la creación de puestos de trabajo decentes, el emprendimiento, la creatividad y la innovación, y fomentar la formalización y el crecimiento de las microempresas y las pequeñas y medianas empresas, incluso mediante el acceso a servicios financieros",PND_2.2.7,PND_2.2,ODS_8,ODS_8.3
Regionalización y Diversificación Productiva,2.3.2 Fortalecer a las MiPymes en la producción de Bienes y Servicios.,8,"8.3 Promover políticas orientadas al desarrollo que apoyen las actividades productivas, la creación de puestos de trabajo decentes, el emprendimiento, la creatividad y la innovación, y fomentar la formalización y el crecimiento de las microempresas y las pequeñas y medianas empresas, incluso mediante el acceso a servicios financieros",PND_2.3.2,PND_2.3,ODS_8,ODS_8.3
Atracción de inversiones & comercio exterior,3.2.3 Incrementar la inversión extranjera y nacional que favorezca la generación de empleo.,8,"8.3 Promover políticas orientadas al desarrollo que apoyen las actividades productivas, la creación de puestos de trabajo decentes, el emprendimiento, la creatividad y la innovación, y fomentar la formalización y el crecimiento de las microempresas y las pequeñas y medianas empresas, incluso mediante el acceso a servicios financieros",PND_3.2.3,PND_3.2,ODS_8,ODS_8.3
Regionalización y Diversificación Productiva,2.3.3 Incrementar la participación del consumo de electricidad para uso industrial.,8,"8.4 Mejorar progresivamente, de aquí a 2030, la producción y el consumo eficientes de los recursos mundiales y procurar desvincular el crecimiento económico de la degradación del medio ambiente, conforme al Marco Decenal de Programas sobre modalidades de Consumo y Producción Sostenibles, empezando por los países desarrollados",PND_2.3.3,PND_2.3,ODS_8,ODS_8.4
Competitividad e Innovación,2.2.6 Disminuir y mantener el desempleo a niveles de pleno empleo fomentando el trabajo decente y de calidad,8,"8.5 De aquí a 2030, lograr el empleo pleno y productivo y el trabajo decente para todas las mujeres  y los hombres, incluidos los jóvenes y las personas con discapacidad, así como la igualdad de remuneración por trabajo de igual valor",PND_2.2.6,PND_2.2,ODS_8,ODS_8.5
Empleo y Protección Social,"2.1.2 Incrementar la participación de la población en los programas de formación y capacitación técnica profesional de calidad, con énfasis en la población joven y vulnerable.",8,"8.6 De aquí a 2020, reducir considerablemente la proporción de jóvenes que no están empleados y no cursan estudios ni reciben capacitación",PND_2.1.2,PND_2.1,ODS_8,ODS_8.6
Competitividad e Innovación,2.2.6 Disminuir y mantener el desempleo a niveles de pleno empleo fomentando el trabajo decente y de calidad,8,"8.6 De aquí a 2020, reducir considerablemente la proporción de jóvenes que no están empleados y no cursan estudios ni reciben capacitación",PND_2.2.6,PND_2.2,ODS_8,ODS_8.6
Desarrollo Social equitativo,1.1.12 Garantizar el acceso de sus derechos a niños/as y adolescentes.,8,"8.7 Adoptar medidas inmediatas y eficaces para erradicar el trabajo forzoso, poner fin a las formas contemporáneas de esclavitud y la trata de personas y asegurar la prohibición y eliminación de las peores formas de trabajo infantil, incluidos el reclutamiento y la utilización de niños soldados, y, de aquí a 2025, poner fin al trabajo infantil en todas sus formas",PND_1.1.12,PND_1.1,ODS_8,ODS_8.7
"Derechos Humanos, Justicia, Defensa y Seguridad","4.1.4 Fortalecer la lucha contra el crimen organizado, transfronterizo y actividades conexas ",8,"8.7 Adoptar medidas inmediatas y eficaces para erradicar el trabajo forzoso, poner fin a las formas contemporáneas de esclavitud y la trata de personas y asegurar la prohibición y eliminación de las peores formas de trabajo infantil, incluidos el reclutamiento y la utilización de niños soldados, y, de aquí a 2025, poner fin al trabajo infantil en todas sus formas",PND_4.1.4,PND_4.1,ODS_8,ODS_8.7
Atracción de inversiones & comercio exterior,3.2.4 Desarrollar el turismo sostenible,8,"8.9 De aquí a 2030, elaborar y poner en práctica políticas encaminadas a promover un turismo sostenible que cree puestos de trabajo y promueva la cultura y los productos locales",PND_3.2.4,PND_3.2,ODS_8,ODS_8.9
Competitividad e Innovación,2.2.6 Disminuir y mantener el desempleo a niveles de pleno empleo fomentando el trabajo decente y de calidad,8,"8.b  De aquí a 2020, desarrollar y poner en marcha una estrategia mundial para el empleo de los jóvenes y aplicar el Pacto Mundial para el Empleo de la Organización  Internacional del Trabajo",PND_2.2.6,PND_2.2,ODS_8,ODS_8.b
Regionalización y Diversidad Productiva,3.3.1 Consolidar y mantener a las vías fluviales como elemento fundamental de la matriz de transporte nacional y eje de integración regional,9,"9.1 Desarrollar infraestructuras fiables, sostenibles, resilientes y de calidad, incluidas infraestructuras regionales y transfronterizas, para apoyar el desarrollo económico y el bienestar humano, haciendo especial hincapié en el acceso asequible y equitativo para todos",PND_3.3.1,PND_3.3,ODS_9,ODS_9.1
Regionalización y Diversificación Productiva,2.3.3. Incrementar la participación del consumo de electricidad para uso industrial.,9,"9.2 Promover una industrialización inclusiva y sostenible y, de aquí a 2030, aumentar significativamente la contribución de la industria al empleo y al producto interno bruto, de acuerdo con las circunstancias nacionales, y duplicar esa contribución en los países  menos adelantados",PND_2.3.3,PND_2.3,ODS_9,ODS_9.2
Regionalización y Diversificación Productiva,2.3.2 Fortalecer a las MiPymes en la producción de Bienes y Servicios.,9,"9.3 Aumentar el acceso de las pequeñas industrias y otras empresas, particularmente en los países en desarrollo, a los servicios financieros, incluidos créditos asequibles, y su integración en las cadenas de valor y los mercados",PND_2.3.2,PND_2.3,ODS_9,ODS_9.3
Regionalización y Diversificación Productiva,2.3.3 Incrementar la participación del consumo de electricidad para uso industrial.,9,"9.4 De aquí a 2030, modernizar la infraestructura y reconvertir las industrias para que sean sostenibles, utilizando los recursos con mayor eficacia y promoviendo la adopción de tecnologías y procesos industriales limpios y ambientalmente racionales, y logrando que todos los países tomen medidas de acuerdo con sus capacidades respectivas",PND_2.3.3,PND_2.3,ODS_9,ODS_9.4
Competitividad e Innovación,2.2.3 Consolidar a las universidades en el campo de la investigación y extensión. ,9,"9.5 Aumentar la investigación científica y mejorar la capacidad tecnológica de los sectores industriales de todos los países, en particular los países en desarrollo, entre otras cosas fomentando la innovación y aumentando considerablemente, de aquí a 2030, el número de personas que trabajan en investigación y desarrollo por millón de habitantes y los gastos de los sectores público y privado en investigación y desarrollo",PND_2.2.3,PND_2.2,ODS_9,ODS_9.5
Competitividad e Innovación,2.2.3 Consolidar a las universidades en el campo de la investigación y extensión. ,9,"9.b Apoyar el desarrollo de tecnologías, la investigación y la innovación nacionales en los países en desarrollo, incluso garantizando un entorno normativo propicio a la diversificación industrial y la adición de valor a los productos básicos, entre otras cosas",PND_2.2.3,PND_2.2,ODS_9,ODS_9.b
Competitividad e Innovación,2.2.10 Aumentar la velocidad de transferencia de datos desde y hacia internet,9,9.c Aumentar significativamente el acceso a la tecnología de la información y las comunicaciones y esforzarse por proporcionar acceso universal y asequible a Internet en los países menos adelantados de aquí a 2020,PND_2.2.10,PND_2.2,ODS_9,ODS_9.c
Empleo y Protección Social,2.1.1 Lograr progresivamente y mantener la tasa de crecimiento del ingreso del 40% de la población con menores ingresos por encima de la tasa promedio del ingreso nacional.,10,"10.1 De aquí a 2030, lograr progresivamente y mantener el crecimiento de los ingresos del 40% más pobre de la población a una tasa superior a la media nacional",PND_2.1.1,PND_2.1,ODS_10,ODS_10.1
Regionalización y Diversificación Productiva,2.3.1. Reducir la brecha de ingresos promedio de los departamentos más pobres del país con respecto a los departamentos con mayores niveles de ingreso.,10,"10.1 De aquí a 2030, lograr progresivamente y mantener el crecimiento de los ingresos del 40% más pobre de la población a una tasa superior a la media nacional",PND_2.3.1,PND_2.3,ODS_10,ODS_10.1
Desarrollo Social equitativo,"1.1.13 Avanzar hacia la igualdad real y efectiva, eliminando la discriminación hacia las mujeres.",10,"10.2 De aquí a 2030, potenciar y promover la inclusión social, económica y política de todas las personas, independientemente de su edad, sexo, discapacidad, raza, etnia, origen, religión o situación económica u otra condición",PND_1.1.13,PND_1.1,ODS_10,ODS_10.2
Desarrollo Social equitativo,1.1.5 Aumentar la retención en el sistema de educación escolar básica en la población indígena.,10,"10.2 De aquí a 2030, potenciar y promover la inclusión social, económica y política de todas las personas, independientemente de su edad, sexo, discapacidad, raza, etnia, origen, religión o situación económica u otra condición",PND_1.1.5,PND_1.1,ODS_10,ODS_10.2
Empleo y Protección Social,2.1.4 Alcanzar la inclusión financiera de todos los adultos.,10,"10.2 De aquí a 2030, potenciar y promover la inclusión social, económica y política de todas las personas, independientemente de su edad, sexo, discapacidad, raza, etnia, origen, religión o situación económica u otra condición",PND_2.1.4,PND_2.1,ODS_10,ODS_10.2
Regionalización y Diversificación Productiva,2.3.1. Reducir la brecha de ingresos promedio de los departamentos más pobres del país con respecto a los departamentos con mayores niveles de ingreso.,10,"10.2 De aquí a 2030, potenciar y promover la inclusión social, económica y política de todas las personas, independientemente de su edad, sexo, discapacidad, raza, etnia, origen, religión o situación económica u otra condición",PND_2.3.1,PND_2.3,ODS_10,ODS_10.2
"Derechos Humanos, Justicia, Defensa y Seguridad",4.1.2 Garantizar el acceso y la defensa de los DDHH sin discriminación alguna.,10,"10.2 De aquí a 2030, potenciar y promover la inclusión social, económica y política de todas las personas, independientemente de su edad, sexo, discapacidad, raza, etnia, origen, religión o situación económica u otra condición",PND_4.1.2,PND_4.1,ODS_10,ODS_10.2
Desarrollo Social equitativo,"1.1.13 Avanzar hacia la igualdad real y efectiva, eliminando la discriminación hacia las mujeres.",10,"10.3 Garantizar la igualdad de oportunidades y reducir la desigualdad de resultados, incluso eliminando las leyes, políticas y prácticas discriminatorias y promoviendo legislaciones, políticas y medidas adecuadas a ese respecto",PND_1.1.13,PND_1.1,ODS_10,ODS_10.3
Desarrollo Social equitativo,1.1.3. Disminuir las condiciones de desigualdad de los diferentes estratos poblacionales.,10,"10.3 Garantizar la igualdad de oportunidades y reducir la desigualdad de resultados, incluso eliminando las leyes, políticas y prácticas discriminatorias y promoviendo legislaciones, políticas y medidas adecuadas a ese respecto",PND_1.1.3,PND_1.1,ODS_10,ODS_10.3
"Derechos Humanos, Justicia, Defensa y Seguridad",4.1.1 Garantizar el acceso a la justicia con igualdad de oportunidades para todos.,10,"10.3 Garantizar la igualdad de oportunidades y reducir la desigualdad de resultados, incluso eliminando las leyes, políticas y prácticas discriminatorias y promoviendo legislaciones, políticas y medidas adecuadas a ese respecto",PND_4.1.1,PND_4.1,ODS_10,ODS_10.3
Empleo y Protección Social,2.1.3 Universalizar la cobertura de seguridad social.,10,"10.4 Adoptar políticas, especialmente fiscales, salariales y de protección social, y lograr progresivamente una mayor igualdad",PND_2.1.3,PND_2.1,ODS_10,ODS_10.4
Igualdad de Oportunidades en un mundo globalizado,3.1.1 Impulsar una gestión diplomática y consular eficiente y transparente para el desarrollo sostenible y en defensa de los intereses nacionales ,10,"10.7 Facilitar la migración y la movilidad ordenadas, seguras, regulares y responsables de las personas, incluso mediante la aplicación de políticas migratorias planificadas y bien gestionadas",PND_3.1.1,PND_3.1,ODS_10,ODS_10.7
Igualdad de Oportunidades en un mundo globalizado,3.1.2 Aumentar la eficiencia y el impacto de la Cooperación para el Desarrollo.,10,"10.b  Fomentar la asistencia oficial para el desarrollo y las corrientes financieras, incluida la inversión extranjera directa, para los Estados con mayores necesidades, en particular los países menos adelantados, los países africanos, los pequeños Estados insulares en desarrollo y los países en desarrollo sin litoral, en consonancia con sus planes y programas nacionales",PND_3.1.2,PND_3.1,ODS_10,ODS_10.b
Atracción de inversiones & comercio exterior,3.2.3 Incrementar la inversión extranjera y nacional que favorezca la generación de empleo.,10,"10.b  Fomentar la asistencia oficial para el desarrollo y las corrientes financieras, incluida la inversión extranjera directa, para los Estados con mayores necesidades, en particular los países menos adelantados, los países africanos, los pequeños Estados insulares en desarrollo y los países en desarrollo sin litoral, en consonancia con sus planes y programas nacionales",PND_3.2.3,PND_3.2,ODS_10,ODS_10.b
Desarrollo Local Participativo,1.3.1 Mejorar las condiciones de los asentamientos precarios urbanos y rurales.,11,"11.1 De aquí a 2030, asegurar el acceso de todas las personas a viviendas y servicios básicos adecuados, seguros y asequibles y mejorar los barrios marginales",PND_1.3.1,PND_1.3,ODS_11,ODS_11.1
Hábitat adecuado y sostenible,1.4.3 Universalizar el acceso a la energía eléctrica y mejorar la calidad en el servicio.,11,"11.1 De aquí a 2030, asegurar el acceso de todas las personas a viviendas y servicios básicos adecuados, seguros y asequibles y mejorar los barrios marginales",PND_1.4.3,PND_1.4,ODS_11,ODS_11.1
Hábitat adecuado y sostenible,"1.4.4 Reducir el déficit habitacional, cuantitativo y cualitativo.",11,"11.1 De aquí a 2030, asegurar el acceso de todas las personas a viviendas y servicios básicos adecuados, seguros y asequibles y mejorar los barrios marginales",PND_1.4.4,PND_1.4,ODS_11,ODS_11.1
Hábitat adecuado y sostenible,1.4.5 Universalizar el acceso a agua potable.,11,"11.1 De aquí a 2030, asegurar el acceso de todas las personas a viviendas y servicios básicos adecuados, seguros y asequibles y mejorar los barrios marginales",PND_1.4.5,PND_1.4,ODS_11,ODS_11.1
Hábitat adecuado y sostenible,1.4.6 Universalizar el acceso a saneamiento mejorado de la población con énfasis en sistemas de alcantarillado sanitario.,11,"11.1 De aquí a 2030, asegurar el acceso de todas las personas a viviendas y servicios básicos adecuados, seguros y asequibles y mejorar los barrios marginales",PND_1.4.6,PND_1.4,ODS_11,ODS_11.1
Competitividad e Innovación,2.2.9 Consolidar una red de transporte multimodal para una logística eficiente.,11,"11.2 De aquí a 2030, proporcionar acceso a sistemas de transporte seguros, asequibles, accesibles y sostenibles para todos y mejorar la seguridad vial, en particular mediante la ampliación del transporte público, prestando especial atención a las necesidades de las personas en situación de vulnerabilidad, las mujeres, los niños, las personas con discapacidad y las personas de edad",PND_2.2.9,PND_2.2,ODS_11,ODS_11.2
Regionalización y Diversidad Productiva,3.3.1 Consolidar y mantener a las vías fluviales como elemento fundamental de la matriz de transporte nacional y eje de integración regional,11,"11.2 De aquí a 2030, proporcionar acceso a sistemas de transporte seguros, asequibles, accesibles y sostenibles para todos y mejorar la seguridad vial, en particular mediante la ampliación del transporte público, prestando especial atención a las necesidades de las personas en situación de vulnerabilidad, las mujeres, los niños, las personas con discapacidad y las personas de edad",PND_3.3.1,PND_3.3,ODS_11,ODS_11.2
Desarrollo Local Participativo,1.3.1 Mejorar las condiciones de los asentamientos precarios urbanos y rurales.,11,"11.3 De aquí a 2030, aumentar la urbanización inclusiva y sostenible y la capacidad para la planificación y la gestión participativas, integradas y sostenibles de los asentamientos humanos en todos los países",PND_1.3.1,PND_1.3,ODS_11,ODS_11.3
Desarrollo Local Participativo,1.3.2 Avanzar en el Ordenamiento Territorial a nivel municipal.,11,"11.3 De aquí a 2030, aumentar la urbanización inclusiva y sostenible y la capacidad para la planificación y la gestión participativas, integradas y sostenibles de los asentamientos humanos en todos los países",PND_1.3.2,PND_1.3,ODS_11,ODS_11.3
Desarrollo Local Participativo,1.3.3 Mejorar la participación de la población en la planificación de la gestión de las políticas publicas,11,"11.3 De aquí a 2030, aumentar la urbanización inclusiva y sostenible y la capacidad para la planificación y la gestión participativas, integradas y sostenibles de los asentamientos humanos en todos los países",PND_1.3.3,PND_1.3,ODS_11,ODS_11.3
Desarrollo Social equitativo,"1.1.14 Proteger y promover el Patrimonio, los Bienes y Procesos Culturales.",11,11.4 Redoblar los esfuerzos para proteger y salvaguardar el patrimonio cultural y natural del mundo,PND_1.1.14,PND_1.1,ODS_11,ODS_11.4
Hábitat adecuado y sostenible,1.4.1 Mejorar la gestión integral de residuos.,11,"11.6 De aquí a 2030, reducir el impacto ambiental negativo per cápita de las ciudades, incluso prestando especial atención a la calidad del aire y la gestión de los desechos municipales y de otro tipo",PND_1.4.1,PND_1.4,ODS_11,ODS_11.6
Hábitat adecuado y sostenible,1.4.2 Reducir las muertes atribuibles a la contaminación del aire,11,"11.6 De aquí a 2030, reducir el impacto ambiental negativo per cápita de las ciudades, incluso prestando especial atención a la calidad del aire y la gestión de los desechos municipales y de otro tipo",PND_1.4.2,PND_1.4,ODS_11,ODS_11.6
Desarrollo Local Participativo,1.3.2 Avanzar en el Ordenamiento Territorial a nivel municipal.,11,"11.a Apoyar los vínculos económicos, sociales y ambientales positivos entre las zonas urbanas, periurbanas y rurales fortaleciendo la planificación del desarrollo nacional y regional",PND_1.3.2,PND_1.3,ODS_11,ODS_11.a
Desarrollo Local Participativo,1.3.3 Mejorar la participación de la población en la planificación de la gestión de las políticas publicas,11,"11.a Apoyar los vínculos económicos, sociales y ambientales positivos entre las zonas urbanas, periurbanas y rurales fortaleciendo la planificación del desarrollo nacional y regional",PND_1.3.3,PND_1.3,ODS_11,ODS_11.a
Desarrollo Local Participativo,1.3.3 Mejorar la participación de la población en la planificación de la gestión de las políticas publicas,11,"11.b De aquí a 2020, aumentar considerablemente el número de ciudades y asentamientos humanos que adoptan e implementan políticas y planes integrados para promover la inclusión, el uso eficiente de los recursos, la mitigación del cambio climático y la adaptación a él y la resiliencia ante los desastres, y desarrollar y poner en práctica, en consonancia con el Marco de Sendai para la Reducción del Riesgo de Desastres 2015-2030, la gestión integral de los riesgos de desastre a todos los niveles",PND_1.3.3,PND_1.3,ODS_11,ODS_11.b
Sostenibilidad del Hábitat Global,3.4.2 Aumentar la capacidad de adaptación y resiliencia a los efectos del cambio climático,11,"11.b De aquí a 2020, aumentar considerablemente el número de ciudades y asentamientos humanos que adoptan e implementan políticas y planes integrados para promover la inclusión, el uso eficiente de los recursos, la mitigación del cambio climático y la adaptación a él y la resiliencia ante los desastres, y desarrollar y poner en práctica, en consonancia con el Marco de Sendai para la Reducción del Riesgo de Desastres 2015-2030, la gestión integral de los riesgos de desastre a todos los niveles",PND_3.4.2,PND_3.4,ODS_11,ODS_11.b
Valoración del Capital Ambiental,2.4.2. Dinamizar el mercado de certificados de servicios ambientales.,12,"12.2 De aquí a 2030, lograr la gestión sostenible y el uso eficiente de los recursos naturales",PND_2.4.2,PND_2.4,ODS_12,ODS_12.2
Valoración del Capital Ambiental,"2.4.4 Aumentar la generación de energías renovables alternativas (solar, eólica y biogás, pequeñas centrales hidroeléctricas)",12,"12.2 De aquí a 2030, lograr la gestión sostenible y el uso eficiente de los recursos naturales",PND_2.4.4,PND_2.4,ODS_12,ODS_12.2
Defensa de recursos naturales,4.4.1. Recuperar y preservar el medio ambiente y los recursos naturales,12,"12.2 De aquí a 2030, lograr la gestión sostenible y el uso eficiente de los recursos naturales",PND_4.4.1,PND_4.4,ODS_12,ODS_12.2
Hábitat adecuado y sostenible,1.4.1 Mejorar la gestión integral de residuos.,12,"12.4 De aquí a 2020, lograr la gestión ecológicamente racional de los productos químicos y de todos los desechos a lo largo de su ciclo de vida, de conformidad con los marcos internacionales convenidos, y reducir significativamente su liberación a la atmósfera, el agua y el suelo a fin de minimizar sus efectos adversos en la salud humana y el medio ambiente",PND_1.4.1,PND_1.4,ODS_12,ODS_12.4
Hábitat adecuado y sostenible,1.4.1 Mejorar la gestión integral de residuos.,12,"12.5 De aquí a 2030, reducir considerablemente la generación de desechos mediante actividades de prevención, reducción, reciclado y reutilización",PND_1.4.1,PND_1.4,ODS_12,ODS_12.5
Atracción de inversiones & comercio exterior,3.2.4 Desarrollar el turismo sostenible,12,"12.b Elaborar y aplicar instrumentos para vigilar los efectos en el desarrollo sostenible, a fin de lograr un turismo sostenible que cree puestos de trabajo y promueva la cultura y los productos locales",PND_3.2.4,PND_3.2,ODS_12,ODS_12.b
Sostenibilidad del Hábitat Global,3.4.2 Aumentar la capacidad de adaptación y resiliencia a los efectos del cambio climático,13,13.1 Fortalecer la resiliencia y la capacidad de adaptación a los riesgos relacionados con el clima y los desastres naturales en todos los países,PND_3.4.2,PND_3.4,ODS_13,ODS_13.1
Sostenibilidad del Hábitat Global,3.4.1 Reducir las emisiones de los Gases de Efectos invernadero (GEI),13,"13.2 Incorporar medidas relativas al cambio climático en las políticas, estrategias y planes nacionales",PND_3.4.1,PND_3.4,ODS_13,ODS_13.2
Sostenibilidad del Hábitat Global,3.4.2 Aumentar la capacidad de adaptación y resiliencia a los efectos del cambio climático,13,"13.2 Incorporar medidas relativas al cambio climático en las políticas, estrategias y planes nacionales",PND_3.4.2,PND_3.4,ODS_13,ODS_13.2
Sostenibilidad del Hábitat Global,3.4.2 Aumentar la capacidad de adaptación y resiliencia a los efectos del cambio climático,13,"13.3 Mejorar la educación, la sensibilización y la capacidad humana e institucional respecto de la mitigación del cambio climático, la adaptación a él, la reducción de sus efectos y la alerta temprana",PND_3.4.2,PND_3.4,ODS_13,ODS_13.3
Sostenibilidad del Hábitat Global,3.4.2 Aumentar la capacidad de adaptación y resiliencia a los efectos del cambio climático,13,"13.b Promover mecanismos para aumentar la capacidad para la planificación y gestión eficaces en relación con el cambio climático en los países menos adelantados y los pequeños Estados insulares en desarrollo, haciendo particular hincapié en las mujeres, los jóvenes y las comunidades locales y marginadas. * Reconociendo que la Convención Marco de las Naciones Unidas sobre el Cambio Climático es el principal foro intergubernamental internacional para negociar la respuesta mundial al cambio climático.",PND_3.4.2,PND_3.4,ODS_13,ODS_13.b
Defensa de recursos naturales,4.4.1. Recuperar y preservar el medio ambiente y los recursos naturales,14,"14.4 De aquí a 2020, reglamentar eficazmente la explotación pesquera y poner fin a la pesca excesiva, la pesca ilegal, no declarada y no reglamentada y las prácticas pesqueras destructivas, y aplicar planes de gestión con fundamento científico a fin de restablecer las poblaciones de peces en el plazo más breve posible, al menos alcanzando niveles que puedan producir el máximo rendimiento sostenible de acuerdo con sus características biológicas",PND_4.4.1,PND_4.4,ODS_14,ODS_14.4
Defensa de recursos naturales,4.4.1. Recuperar y preservar el medio ambiente y los recursos naturales,14,"14.6 De aquí a 2020, prohibir ciertas formas de subvenciones a la pesca que contribuyen a la sobrecapacidad y la pesca excesiva, eliminar las subvenciones que contribuyen a la pesca ilegal, no declarada y no reglamentada y abstenerse de introducir nuevas subvenciones de esa índole, reconociendo que la negociación sobre las subvenciones a la pesca en el marco de la Organización Mundial del Comercio debe incluir un trato especial y diferenciado, apropiado y efectivo para los países en desarrollo y los países menos adelantados",PND_4.4.1,PND_4.4,ODS_14,ODS_14.6
Valoración del Capital Ambiental,2.4.1 Aumentar la cobertura de bosques asegurando la conservación y restauración de los mismos ,15,"15.1 Para 2020, velar por la conservación, el restablecimiento y el uso sostenible de los ecosistemas terrestres y los ecosistemas interiores de agua dulce y los servicios que proporcionan, en particular los bosques, los humedales, las montañas y las zonas áridas, en consonancia con las obligaciones contraídas en virtud de acuerdos internacionales",PND_2.4.1,PND_2.4,ODS_15,ODS_15.1
Defensa de recursos naturales,4.4.1. Recuperar y preservar el medio ambiente y los recursos naturales,15,"15.1 Para 2020, velar por la conservación, el restablecimiento y el uso sostenible de los ecosistemas terrestres y los ecosistemas interiores de agua dulce y los servicios que proporcionan, en particular los bosques, los humedales, las montañas y las zonas áridas, en consonancia con las obligaciones contraídas en virtud de acuerdos internacionales",PND_4.4.1,PND_4.4,ODS_15,ODS_15.1
Valoración del Capital Ambiental,2.4.1 Aumentar la cobertura de bosques asegurando la conservación y restauración de los mismos ,15,"15.2 Para 2020, promover la gestión sostenible de todos los tipos de bosques, poner fin a la deforestación, recuperar los bosques degradados e incrementar la forestación y la reforestación a nivel mundial",PND_2.4.1,PND_2.4,ODS_15,ODS_15.2
Defensa de recursos naturales,4.4.1. Recuperar y preservar el medio ambiente y los recursos naturales,15,"15.2 Para 2020, promover la gestión sostenible de todos los tipos de bosques, poner fin a la deforestación, recuperar los bosques degradados e incrementar la forestación y la reforestación a nivel mundial",PND_4.4.1,PND_4.4,ODS_15,ODS_15.2
Defensa de recursos naturales,4.4.1. Recuperar y preservar el medio ambiente y los recursos naturales,15,"15.3 Para 2030, luchar contra la desertificación, rehabilitar las tierras y los suelos degradados, incluidas las tierras afectadas por la desertificación, la sequía y las inundaciones, y procurar lograr un mundo con una degradación neutra del suelo",PND_4.4.1,PND_4.4,ODS_15,ODS_15.3
Defensa de recursos naturales,4.4.1. Recuperar y preservar el medio ambiente y los recursos naturales,15,"15.4 Para 2030, velar por la conservación de los ecosistemas montañosos, incluida su diversidad biológica, a fin de mejorar su capacidad de proporcionar beneficios esenciales para el desarrollo sostenible",PND_4.4.1,PND_4.4,ODS_15,ODS_15.4
Valoración del Capital Ambiental,2.4.1 Aumentar la cobertura de bosques asegurando la conservación y restauración de los mismos ,15,"15.5 Adoptar medidas urgentes y significativas para reducir la degradación de los hábitats naturales, detener la pérdida de la diversidad biológica y, para 2020, proteger las especies amenazadas y evitar su extinción",PND_2.4.1,PND_2.4,ODS_15,ODS_15.5
Defensa de recursos naturales,4.4.1. Recuperar y preservar el medio ambiente y los recursos naturales,15,"15.5 Adoptar medidas urgentes y significativas para reducir la degradación de los hábitats naturales, detener la pérdida de la diversidad biológica y, para 2020, proteger las especies amenazadas y evitar su extinción",PND_4.4.1,PND_4.4,ODS_15,ODS_15.5
Defensa de recursos naturales,4.4.1. Recuperar y preservar el medio ambiente y los recursos naturales,15,"15.9 Para 2020, integrar los valores de los ecosistemas y la diversidad biológica en la planificación nacional y local, los procesos de desarrollo, las estrategias de reducción de la pobreza y la contabilidad",PND_4.4.1,PND_4.4,ODS_15,ODS_15.9
"Derechos Humanos, Justicia, Defensa y Seguridad",4.1.3 Reducir los homicidios dolosos ,16,16.1 Reducir significativamente todas las formas de violencia y las correspondientes tasas de mortalidad en todo el mundo,PND_4.1.3,PND_4.1,ODS_16,ODS_16.1
Modernización de la Administración Pública,"4.2.2. Garantizar el acceso efectivo a la información pública, por todos los medios disponibles.",16,"16.10 Garantizar el acceso público a la información y proteger las libertades fundamentales, de conformidad con las leyes nacionales y los acuerdos internacionales",PND_4.2.2,PND_4.2,ODS_16,ODS_16.10
Desarrollo Social equitativo,1.1.12 Garantizar el acceso de sus derechos a niños/as y adolescentes.,16,"16.2 Poner fin al maltrato, la explotación, la trata y todas las formas de violencia y tortura contra los niños",PND_1.1.12,PND_1.1,ODS_16,ODS_16.2
Desarrollo Social equitativo,1.1.12 Garantizar el acceso de sus derechos a niños/as y adolescentes.,16,16.3 Promover el estado de derecho en los planos nacional e internacional y garantizar la igualdad de acceso a la justicia para todos,PND_1.1.12,PND_1.1,ODS_16,ODS_16.3
"Derechos Humanos, Justicia, Defensa y Seguridad",4.1.1 Garantizar el acceso a la justicia con igualdad de oportunidades para todos.,16,16.3 Promover el estado de derecho en los planos nacional e internacional y garantizar la igualdad de acceso a la justicia para todos,PND_4.1.1,PND_4.1,ODS_16,ODS_16.3
"Derechos Humanos, Justicia, Defensa y Seguridad",4.1.2 Garantizar el acceso y la defensa de los DDHH sin discriminación alguna.,16,16.3 Promover el estado de derecho en los planos nacional e internacional y garantizar la igualdad de acceso a la justicia para todos,PND_4.1.2,PND_4.1,ODS_16,ODS_16.3
"Derechos Humanos, Justicia, Defensa y Seguridad","4.1.4 Fortalecer la lucha contra el crimen organizado, transfronterizo y actividades conexas ",16,"16.4 De aquí a 2030, reducir significativamente las corrientes financieras y de armas ilícitas, fortalecer la recuperación y devolución de los activos robados y luchar contra todas las formas de delincuencia organizada",PND_4.1.4,PND_4.1,ODS_16,ODS_16.4
Competitividad e Innovación,2.2.8 Mejorar la eficiencia del gasto público.,16,16.6 Crear a todos los niveles instituciones eficaces y transparentes que rindan cuentas,PND_2.2.8,PND_2.2,ODS_16,ODS_16.6
Modernización de la Administración Pública,4.2.3. Simplificación de trámites y aumento de la oferta de servicios públicos en línea.,16,16.6 Crear a todos los niveles instituciones eficaces y transparentes que rindan cuentas,PND_4.2.3,PND_4.2,ODS_16,ODS_16.6
Modernización de la Administración Pública,4.2.5. Asegurar la transparencia y eficiencia de la gestión y del gasto público del Gobierno General,16,16.6 Crear a todos los niveles instituciones eficaces y transparentes que rindan cuentas,PND_4.2.5,PND_4.2,ODS_16,ODS_16.6
Descentralización,4.3.1 Desconcentrar y articular efectivamente la gestión de los servicios sociales y públicos a nivel territorial.,16,16.6 Crear a todos los niveles instituciones eficaces y transparentes que rindan cuentas,PND_4.3.1,PND_4.3,ODS_16,ODS_16.6
Desarrollo Local Participativo,1.3.3 Mejorar la participación de la población en la planificación de la gestión de las políticas publicas,16,"16.7 Garantizar la adopción en todos los niveles de decisiones inclusivas, participativas y representativas que respondan a las necesidades",PND_1.3.3,PND_1.3,ODS_16,ODS_16.7
Descentralización,4.3.1 Desconcentrar y articular efectivamente la gestión de los servicios sociales y públicos a nivel territorial.,16,"16.7 Garantizar la adopción en todos los niveles de decisiones inclusivas, participativas y representativas que respondan a las necesidades",PND_4.3.1,PND_4.3,ODS_16,ODS_16.7
Desarrollo Social equitativo,1.1.1 Garantizar a toda la población el derecho universal a la identidad.  ,16,"16.9 De aquí a 2030, proporcionar acceso a una identidad jurídica para todos, en particular mediante el registro de nacimientos",PND_1.1.1,PND_1.1,ODS_16,ODS_16.9
"Derechos Humanos, Justicia, Defensa y Seguridad","4.1.4 Fortalecer la lucha contra el crimen organizado, transfronterizo y actividades conexas ",16,"16.a Fortalecer las instituciones nacionales pertinentes, incluso mediante la cooperación internacional, para crear a todos los niveles, particularmente en los países en desarrollo, la capacidad de prevenir la violencia y combatir el terrorismo y la delincuencia",PND_4.1.4,PND_4.1,ODS_16,ODS_16.a
"Derechos Humanos, Justicia, Defensa y Seguridad","4.1.5 Garantizar la seguridad multidimensional y defensa del territorio paraguayo, del estado y su patrimonio",16,"16.a Fortalecer las instituciones nacionales pertinentes, incluso mediante la cooperación internacional, para crear a todos los niveles, particularmente en los países en desarrollo, la capacidad de prevenir la violencia y combatir el terrorismo y la delincuencia",PND_4.1.5,PND_4.1,ODS_16,ODS_16.a
"Derechos Humanos, Justicia, Defensa y Seguridad",4.1.2 Garantizar el acceso y la defensa de los DDHH sin discriminación alguna.,16,16.b Promover y aplicar leyes y políticas no discriminatorias en favor del desarrollo sostenible,PND_4.1.2,PND_4.1,ODS_16,ODS_16.b
Competitividad e Innovación,2.2.7 Formalizar las actividades económicas de los diferentes sectores para disminuir la evasión impositiva.,17,"17.1 Fortalecer la movilización de recursos internos, incluso mediante la prestación de apoyo internacional a los países en desarrollo, con el fin de mejorar la capacidad nacional para recaudar ingresos fiscales y de otra índole",PND_2.2.7,PND_2.2,ODS_17,ODS_17.1
Competitividad e Innovación,2.2.8 Mejorar la eficiencia del gasto público.,17,"17.1 Fortalecer la movilización de recursos internos, incluso mediante la prestación de apoyo internacional a los países en desarrollo, con el fin de mejorar la capacidad nacional para recaudar ingresos fiscales y de otra índole",PND_2.2.8,PND_2.2,ODS_17,ODS_17.1
Atracción de inversiones & comercio exterior,3.2.1 Mejorar el posicionamiento de Paraguay entre los exportadores mundiales competitivos de alimentos.,17,"17.11 Aumentar significativamente las exportaciones de los países en desarrollo, en particular con miras a duplicar la participación de los países menos adelantados en las exportaciones mundiales de aquí a 2020",PND_3.2.1,PND_3.2,ODS_17,ODS_17.11
Atracción de inversiones & comercio exterior,3.2.2 Aumentar la exportación de productos y servicios no tradicionales,17,"17.11 Aumentar significativamente las exportaciones de los países en desarrollo, en particular con miras a duplicar la participación de los países menos adelantados en las exportaciones mundiales de aquí a 2020",PND_3.2.2,PND_3.2,ODS_17,ODS_17.11
Regionalización y Diversidad Productiva,"3.3.2 Aumentar los ingresos por venta de energía, a través de la libre comercialización de electricidad de binacionales y otras fuentes de generación.",17,"17.11 Aumentar significativamente las exportaciones de los países en desarrollo, en particular con miras a duplicar la participación de los países menos adelantados en las exportaciones mundiales de aquí a 2020",PND_3.3.2,PND_3.3,ODS_17,ODS_17.11
Competitividad e Innovación,2.2.5 Mantener baja tasa de inflación y con reducida volatilidad.,17,"17.13 Aumentar la estabilidad macroeconómica mundial, incluso mediante la coordinación y coherencia de las políticas",PND_2.2.5,PND_2.2,ODS_17,ODS_17.13
Modernización de la Administración Pública,4.2.4. Mejorar la capacidad del Sistema Estadístico Nacional ,17,"17.18 De aquí a 2020, mejorar el apoyo a la creación de capacidad prestado a los países en desarrollo, incluidos los países menos adelantados y los pequeños Estados insulares en desarrollo, para aumentar significativamente la disponibilidad de datos oportunos, fiables y de gran calidad desglosados por ingresos, sexo, edad, raza, origen étnico, estatus migratorio, discapacidad, ubicación geográfica y otras características pertinentes en los contextos nacionales",PND_4.2.4,PND_4.2,ODS_17,ODS_17.18
Modernización de la Administración Pública,4.2.4. Mejorar la capacidad del Sistema Estadístico Nacional ,17,"17.19 De aquí a 2030, aprovechar las iniciativas existentes para elaborar indicadores que permitan medir los progresos en materia de desarrollo sostenible y complementen el producto interno bruto, y apoyar la creación de capacidad estadística en los países en desarrollo",PND_4.2.4,PND_4.2,ODS_17,ODS_17.19
Igualdad de Oportunidades en un mundo globalizado,3.1.2 Aumentar la eficiencia y el impacto de la Cooperación para el Desarrollo.,17,17.3 Movilizar recursos financieros adicionales de múltiples fuentes para los países en desarrollo,PND_3.1.2,PND_3.1,ODS_17,ODS_17.3
Atracción de inversiones & comercio exterior,3.2.3 Incrementar la inversión extranjera y nacional que favorezca la generación de empleo.,17,17.3 Movilizar recursos financieros adicionales de múltiples fuentes para los países en desarrollo,PND_3.2.3,PND_3.2,ODS_17,ODS_17.3
Atracción de inversiones & comercio exterior,3.2.3 Incrementar la inversión extranjera y nacional que favorezca la generación de empleo.,17,17.5 Adoptar y aplicar sistemas de promoción de las inversiones en favor de los países menos adelantados,PND_3.2.3,PND_3.2,ODS_17,ODS_17.5
Igualdad de Oportunidades en un mundo globalizado,3.1.2 Aumentar la eficiencia y el impacto de la Cooperación para el Desarrollo.,17,"17.6 Mejorar la cooperación regional e internacional Norte-Sur, Sur-Sur y triangular en materia de ciencia, tecnología e innovación y el acceso a estas, y aumentar el intercambio de conocimientos en condiciones mutuamente convenidas, incluso mejorando la coordinación entre los mecanismos existentes, en particular a nivel de las Naciones Unidas, y mediante un mecanismo mundial de facilitación de la tecnología",PND_3.1.2,PND_3.1,ODS_17,ODS_17.6
Igualdad de Oportunidades en un mundo globalizado,3.1.2 Aumentar la eficiencia y el impacto de la Cooperación para el Desarrollo.,17,"17.9 Aumentar el apoyo internacional para realizar actividades de creación de capacidad eficaces y específicas en los países en desarrollo a fin de respaldar los planes nacionales de implementación de todos los Objetivos de Desarrollo Sostenible, incluso mediante la cooperación Norte-Sur, Sur-Sur y triangular",PND_3.1.2,PND_3.1,ODS_17,ODS_17.9
